id,name,url,created_at,updated_at
1,culpa,vel,2020-01-03 12:42:59,2020-01-03 12:42:59
2,aliquid,ipsum,2020-01-03 12:42:59,2020-01-03 12:42:59
3,et,corporis,2020-01-03 12:42:59,2020-01-03 12:42:59
4,accusamus,magni,2020-01-03 12:43:00,2020-01-03 12:43:00
5,eos,labore,2020-01-03 12:43:00,2020-01-03 12:43:00
6,qui,quia,2020-01-03 12:43:00,2020-01-03 12:43:00
7,debitis,sequi,2020-01-03 12:43:01,2020-01-03 12:43:01
8,dolores,excepturi,2020-01-03 12:43:01,2020-01-03 12:43:01
9,sunt,ut,2020-01-03 12:43:01,2020-01-03 12:43:01
10,esse,laboriosam,2020-01-03 12:43:02,2020-01-03 12:43:02
