2001,Categoria 57195,url_85079,2020-01-06 20:03:49,2020-01-06 20:03:49
2002,Categoria 98366,url_87336,2020-01-06 20:03:49,2020-01-06 20:03:49
2003,Categoria 71154,url_72864,2020-01-06 20:03:50,2020-01-06 20:03:50
2004,Categoria 83174,url_98054,2020-01-06 20:03:50,2020-01-06 20:03:50
2005,Categoria 72839,url_67742,2020-01-06 20:03:51,2020-01-06 20:03:51
2006,Categoria 96146,url_92562,2020-01-06 20:03:51,2020-01-06 20:03:51
2007,Categoria 74231,url_98541,2020-01-06 20:03:51,2020-01-06 20:03:51
2008,Categoria 87339,url_96622,2020-01-06 20:03:51,2020-01-06 20:03:51
2009,Categoria 58025,url_87103,2020-01-06 20:03:52,2020-01-06 20:03:52
2010,Categoria 65748,url_91252,2020-01-06 20:03:52,2020-01-06 20:03:52
2011,Categoria 55848,url_66939,2020-01-06 20:03:52,2020-01-06 20:03:52
2012,Categoria 74484,url_70593,2020-01-06 20:03:52,2020-01-06 20:03:52
2013,Categoria 72860,url_94821,2020-01-06 20:03:53,2020-01-06 20:03:53
2014,Categoria 69562,url_71666,2020-01-06 20:03:53,2020-01-06 20:03:53
2015,Categoria 63489,url_86284,2020-01-06 20:03:53,2020-01-06 20:03:53
2016,Categoria 88582,url_90123,2020-01-06 20:03:53,2020-01-06 20:03:53
2017,Categoria 69444,url_85734,2020-01-06 20:03:53,2020-01-06 20:03:53
2018,Categoria 80192,url_80403,2020-01-06 20:03:54,2020-01-06 20:03:54
2019,Categoria 99217,url_73035,2020-01-06 20:03:54,2020-01-06 20:03:54
2020,Categoria 73716,url_83217,2020-01-06 20:03:54,2020-01-06 20:03:54
2021,Categoria 56786,url_92150,2020-01-06 20:03:54,2020-01-06 20:03:54
2022,Categoria 87054,url_76068,2020-01-06 20:03:54,2020-01-06 20:03:54
2023,Categoria 65202,url_88507,2020-01-06 20:03:54,2020-01-06 20:03:54
2024,Categoria 68167,url_95530,2020-01-06 20:03:55,2020-01-06 20:03:55
2025,Categoria 71127,url_94857,2020-01-06 20:03:55,2020-01-06 20:03:55
2026,Categoria 98944,url_90238,2020-01-06 20:03:55,2020-01-06 20:03:55
2027,Categoria 78344,url_94705,2020-01-06 20:03:55,2020-01-06 20:03:55
2028,Categoria 88610,url_71241,2020-01-06 20:03:55,2020-01-06 20:03:55
2029,Categoria 91413,url_87369,2020-01-06 20:03:55,2020-01-06 20:03:55
2030,Categoria 56973,url_95631,2020-01-06 20:03:55,2020-01-06 20:03:55
2031,Categoria 89269,url_67716,2020-01-06 20:03:55,2020-01-06 20:03:55
2032,Categoria 64931,url_93585,2020-01-06 20:03:56,2020-01-06 20:03:56
2033,Categoria 63441,url_95859,2020-01-06 20:03:58,2020-01-06 20:03:58
2034,Categoria 72601,url_68050,2020-01-06 20:04:00,2020-01-06 20:04:00
2035,Categoria 73572,url_92998,2020-01-06 20:04:00,2020-01-06 20:04:00
2036,Categoria 98094,url_69121,2020-01-06 20:04:00,2020-01-06 20:04:00
2037,Categoria 91668,url_77538,2020-01-06 20:04:01,2020-01-06 20:04:01
2038,Categoria 57333,url_77586,2020-01-06 20:04:01,2020-01-06 20:04:01
2039,Categoria 66355,url_89313,2020-01-06 20:04:01,2020-01-06 20:04:01
2040,Categoria 96748,url_95688,2020-01-06 20:04:02,2020-01-06 20:04:02
2041,Categoria 92274,url_85931,2020-01-06 20:04:02,2020-01-06 20:04:02
2042,Categoria 69916,url_92228,2020-01-06 20:04:02,2020-01-06 20:04:02
2043,Categoria 67708,url_79893,2020-01-06 20:04:02,2020-01-06 20:04:02
2044,Categoria 96497,url_93318,2020-01-06 20:04:02,2020-01-06 20:04:02
2045,Categoria 66330,url_89054,2020-01-06 20:04:03,2020-01-06 20:04:03
2046,Categoria 70155,url_75464,2020-01-06 20:04:03,2020-01-06 20:04:03
2047,Categoria 59168,url_80638,2020-01-06 20:04:03,2020-01-06 20:04:03
2048,Categoria 95613,url_77199,2020-01-06 20:04:03,2020-01-06 20:04:03
2049,Categoria 73366,url_68103,2020-01-06 20:04:03,2020-01-06 20:04:03
2050,Categoria 74886,url_84891,2020-01-06 20:04:03,2020-01-06 20:04:03
2051,Categoria 60072,url_92221,2020-01-06 20:04:03,2020-01-06 20:04:03
2052,Categoria 74938,url_93896,2020-01-06 20:04:04,2020-01-06 20:04:04
2053,Categoria 60219,url_80031,2020-01-06 20:04:04,2020-01-06 20:04:04
2054,Categoria 64808,url_98415,2020-01-06 20:04:04,2020-01-06 20:04:04
2055,Categoria 62088,url_73867,2020-01-06 20:04:04,2020-01-06 20:04:04
2056,Categoria 72972,url_76542,2020-01-06 20:04:04,2020-01-06 20:04:04
2057,Categoria 64145,url_77861,2020-01-06 20:04:05,2020-01-06 20:04:05
2058,Categoria 90347,url_99236,2020-01-06 20:04:05,2020-01-06 20:04:05
2059,Categoria 77430,url_75209,2020-01-06 20:04:05,2020-01-06 20:04:05
2060,Categoria 70507,url_80163,2020-01-06 20:04:05,2020-01-06 20:04:05
2061,Categoria 65500,url_81603,2020-01-06 20:04:05,2020-01-06 20:04:05
2062,Categoria 77082,url_74526,2020-01-06 20:04:06,2020-01-06 20:04:06
2063,Categoria 67459,url_72840,2020-01-06 20:04:07,2020-01-06 20:04:07
2064,Categoria 58967,url_80677,2020-01-06 20:04:07,2020-01-06 20:04:07
2065,Categoria 85032,url_93988,2020-01-06 20:04:08,2020-01-06 20:04:08
2066,Categoria 62183,url_75740,2020-01-06 20:04:08,2020-01-06 20:04:08
2067,Categoria 96592,url_72594,2020-01-06 20:04:08,2020-01-06 20:04:08
2068,Categoria 87633,url_71326,2020-01-06 20:04:08,2020-01-06 20:04:08
2069,Categoria 56212,url_98427,2020-01-06 20:04:09,2020-01-06 20:04:09
2070,Categoria 95348,url_81621,2020-01-06 20:04:09,2020-01-06 20:04:09
2071,Categoria 80339,url_67233,2020-01-06 20:04:10,2020-01-06 20:04:10
2072,Categoria 74594,url_95005,2020-01-06 20:04:10,2020-01-06 20:04:10
2073,Categoria 73125,url_79662,2020-01-06 20:04:10,2020-01-06 20:04:10
2074,Categoria 90923,url_87205,2020-01-06 20:04:10,2020-01-06 20:04:10
2075,Categoria 58517,url_88006,2020-01-06 20:04:10,2020-01-06 20:04:10
2076,Categoria 56561,url_97324,2020-01-06 20:04:10,2020-01-06 20:04:10
2077,Categoria 72863,url_89929,2020-01-06 20:04:11,2020-01-06 20:04:11
2078,Categoria 76943,url_67309,2020-01-06 20:04:11,2020-01-06 20:04:11
2079,Categoria 87724,url_92529,2020-01-06 20:04:12,2020-01-06 20:04:12
2080,Categoria 64615,url_92129,2020-01-06 20:04:12,2020-01-06 20:04:12
2081,Categoria 68237,url_96603,2020-01-06 20:04:12,2020-01-06 20:04:12
2082,Categoria 56550,url_93769,2020-01-06 20:04:12,2020-01-06 20:04:12
2083,Categoria 82069,url_93891,2020-01-06 20:04:12,2020-01-06 20:04:12
2084,Categoria 81678,url_79041,2020-01-06 20:04:12,2020-01-06 20:04:12
2085,Categoria 66757,url_82224,2020-01-06 20:04:12,2020-01-06 20:04:12
2086,Categoria 74925,url_80824,2020-01-06 20:04:12,2020-01-06 20:04:12
2087,Categoria 92866,url_89696,2020-01-06 20:04:12,2020-01-06 20:04:12
2088,Categoria 97278,url_99026,2020-01-06 20:04:12,2020-01-06 20:04:12
2089,Categoria 96758,url_77743,2020-01-06 20:04:13,2020-01-06 20:04:13
2090,Categoria 77452,url_95893,2020-01-06 20:04:14,2020-01-06 20:04:14
2091,Categoria 65493,url_93854,2020-01-06 20:04:15,2020-01-06 20:04:15
2092,Categoria 84493,url_97833,2020-01-06 20:04:16,2020-01-06 20:04:16
2093,Categoria 66725,url_70067,2020-01-06 20:04:17,2020-01-06 20:04:17
2094,Categoria 86220,url_93638,2020-01-06 20:04:18,2020-01-06 20:04:18
2095,Categoria 61138,url_68182,2020-01-06 20:04:18,2020-01-06 20:04:18
2096,Categoria 73636,url_97666,2020-01-06 20:04:19,2020-01-06 20:04:19
2097,Categoria 91970,url_76024,2020-01-06 20:04:19,2020-01-06 20:04:19
2098,Categoria 64793,url_88469,2020-01-06 20:04:19,2020-01-06 20:04:19
2099,Categoria 76604,url_79564,2020-01-06 20:04:20,2020-01-06 20:04:20
2100,Categoria 79589,url_96531,2020-01-06 20:04:20,2020-01-06 20:04:20
2101,Categoria 60524,url_78755,2020-01-06 20:04:20,2020-01-06 20:04:20
2102,Categoria 89649,url_82870,2020-01-06 20:04:20,2020-01-06 20:04:20
2103,Categoria 87763,url_91235,2020-01-06 20:04:20,2020-01-06 20:04:20
2104,Categoria 57452,url_74157,2020-01-06 20:04:20,2020-01-06 20:04:20
2105,Categoria 64568,url_73960,2020-01-06 20:04:20,2020-01-06 20:04:20
2106,Categoria 63743,url_85523,2020-01-06 20:04:21,2020-01-06 20:04:21
2107,Categoria 86547,url_79464,2020-01-06 20:04:21,2020-01-06 20:04:21
2108,Categoria 63727,url_86646,2020-01-06 20:04:21,2020-01-06 20:04:21
2109,Categoria 64837,url_94473,2020-01-06 20:04:21,2020-01-06 20:04:21
2110,Categoria 67316,url_75491,2020-01-06 20:04:21,2020-01-06 20:04:21
2111,Categoria 98223,url_70126,2020-01-06 20:04:22,2020-01-06 20:04:22
2112,Categoria 76341,url_74756,2020-01-06 20:04:22,2020-01-06 20:04:22
2113,Categoria 61203,url_86404,2020-01-06 20:04:22,2020-01-06 20:04:22
2114,Categoria 80207,url_82380,2020-01-06 20:04:22,2020-01-06 20:04:22
2115,Categoria 77650,url_98139,2020-01-06 20:04:22,2020-01-06 20:04:22
2116,Categoria 67126,url_90487,2020-01-06 20:04:22,2020-01-06 20:04:22
2117,Categoria 96609,url_79110,2020-01-06 20:04:22,2020-01-06 20:04:22
2118,Categoria 83789,url_86476,2020-01-06 20:04:22,2020-01-06 20:04:22
2119,Categoria 70370,url_92251,2020-01-06 20:04:22,2020-01-06 20:04:22
2120,Categoria 57307,url_88613,2020-01-06 20:04:24,2020-01-06 20:04:24
2121,Categoria 72366,url_95292,2020-01-06 20:04:24,2020-01-06 20:04:24
2122,Categoria 67216,url_80361,2020-01-06 20:04:24,2020-01-06 20:04:24
2123,Categoria 75878,url_88474,2020-01-06 20:04:24,2020-01-06 20:04:24
2124,Categoria 65994,url_76669,2020-01-06 20:04:25,2020-01-06 20:04:25
2125,Categoria 91230,url_93293,2020-01-06 20:04:25,2020-01-06 20:04:25
2126,Categoria 56481,url_87168,2020-01-06 20:04:25,2020-01-06 20:04:25
2127,Categoria 63099,url_82397,2020-01-06 20:04:26,2020-01-06 20:04:26
2128,Categoria 97873,url_88567,2020-01-06 20:04:26,2020-01-06 20:04:26
2129,Categoria 97397,url_99751,2020-01-06 20:04:26,2020-01-06 20:04:26
2130,Categoria 62545,url_74320,2020-01-06 20:04:26,2020-01-06 20:04:26
2131,Categoria 59678,url_96678,2020-01-06 20:04:26,2020-01-06 20:04:26
2132,Categoria 98395,url_83445,2020-01-06 20:04:26,2020-01-06 20:04:26
2133,Categoria 60076,url_95844,2020-01-06 20:04:26,2020-01-06 20:04:26
2134,Categoria 84747,url_79186,2020-01-06 20:04:27,2020-01-06 20:04:27
2135,Categoria 59146,url_71074,2020-01-06 20:04:27,2020-01-06 20:04:27
2136,Categoria 65159,url_98149,2020-01-06 20:04:27,2020-01-06 20:04:27
2137,Categoria 83828,url_91308,2020-01-06 20:04:28,2020-01-06 20:04:28
2138,Categoria 59947,url_96147,2020-01-06 20:04:28,2020-01-06 20:04:28
2139,Categoria 84499,url_83950,2020-01-06 20:04:28,2020-01-06 20:04:28
2140,Categoria 94750,url_69505,2020-01-06 20:04:28,2020-01-06 20:04:28
2141,Categoria 74500,url_77024,2020-01-06 20:04:28,2020-01-06 20:04:28
2142,Categoria 67065,url_83774,2020-01-06 20:04:28,2020-01-06 20:04:28
2143,Categoria 74488,url_69286,2020-01-06 20:04:28,2020-01-06 20:04:28
2144,Categoria 62942,url_77025,2020-01-06 20:04:28,2020-01-06 20:04:28
2145,Categoria 99921,url_86189,2020-01-06 20:04:28,2020-01-06 20:04:28
2146,Categoria 68972,url_83197,2020-01-06 20:04:30,2020-01-06 20:04:30
2147,Categoria 66156,url_79585,2020-01-06 20:04:32,2020-01-06 20:04:32
2148,Categoria 80759,url_99999,2020-01-06 20:04:32,2020-01-06 20:04:32
2149,Categoria 83573,url_73387,2020-01-06 20:04:33,2020-01-06 20:04:33
2150,Categoria 91332,url_94477,2020-01-06 20:04:33,2020-01-06 20:04:33
2151,Categoria 91961,url_84752,2020-01-06 20:04:33,2020-01-06 20:04:33
2152,Categoria 58230,url_67767,2020-01-06 20:04:33,2020-01-06 20:04:33
2153,Categoria 57505,url_86754,2020-01-06 20:04:34,2020-01-06 20:04:34
2154,Categoria 68189,url_89173,2020-01-06 20:04:35,2020-01-06 20:04:35
2155,Categoria 59875,url_78065,2020-01-06 20:04:36,2020-01-06 20:04:36
2156,Categoria 92321,url_80712,2020-01-06 20:04:37,2020-01-06 20:04:37
2157,Categoria 63908,url_77898,2020-01-06 20:04:37,2020-01-06 20:04:37
2158,Categoria 61275,url_83201,2020-01-06 20:04:37,2020-01-06 20:04:37
2159,Categoria 75358,url_86844,2020-01-06 20:04:37,2020-01-06 20:04:37
2160,Categoria 85020,url_99248,2020-01-06 20:04:37,2020-01-06 20:04:37
2161,Categoria 82629,url_95264,2020-01-06 20:04:37,2020-01-06 20:04:37
2162,Categoria 87611,url_79845,2020-01-06 20:04:37,2020-01-06 20:04:37
2163,Categoria 67674,url_79760,2020-01-06 20:04:37,2020-01-06 20:04:37
2164,Categoria 98788,url_87464,2020-01-06 20:04:38,2020-01-06 20:04:38
2165,Categoria 69109,url_81071,2020-01-06 20:04:39,2020-01-06 20:04:39
2166,Categoria 75490,url_74598,2020-01-06 20:04:39,2020-01-06 20:04:39
2167,Categoria 87404,url_81045,2020-01-06 20:04:39,2020-01-06 20:04:39
2168,Categoria 92942,url_91297,2020-01-06 20:04:40,2020-01-06 20:04:40
2169,Categoria 70847,url_70273,2020-01-06 20:04:40,2020-01-06 20:04:40
2170,Categoria 95152,url_70462,2020-01-06 20:04:40,2020-01-06 20:04:40
2171,Categoria 60210,url_96178,2020-01-06 20:04:40,2020-01-06 20:04:40
2172,Categoria 93271,url_76480,2020-01-06 20:04:40,2020-01-06 20:04:40
2173,Categoria 63276,url_93401,2020-01-06 20:04:40,2020-01-06 20:04:40
2174,Categoria 93416,url_81418,2020-01-06 20:04:40,2020-01-06 20:04:40
2175,Categoria 98422,url_92929,2020-01-06 20:04:40,2020-01-06 20:04:40
2176,Categoria 56053,url_77750,2020-01-06 20:04:41,2020-01-06 20:04:41
2177,Categoria 75347,url_92568,2020-01-06 20:04:41,2020-01-06 20:04:41
2178,Categoria 82690,url_93997,2020-01-06 20:04:41,2020-01-06 20:04:41
2179,Categoria 92386,url_93034,2020-01-06 20:04:41,2020-01-06 20:04:41
2180,Categoria 95871,url_95799,2020-01-06 20:04:42,2020-01-06 20:04:42
2181,Categoria 63476,url_69940,2020-01-06 20:04:42,2020-01-06 20:04:42
2182,Categoria 66204,url_70116,2020-01-06 20:04:42,2020-01-06 20:04:42
2183,Categoria 57325,url_90603,2020-01-06 20:04:42,2020-01-06 20:04:42
2184,Categoria 58039,url_79843,2020-01-06 20:04:42,2020-01-06 20:04:42
2185,Categoria 81447,url_69490,2020-01-06 20:04:42,2020-01-06 20:04:42
2186,Categoria 97519,url_73093,2020-01-06 20:04:42,2020-01-06 20:04:42
2187,Categoria 85763,url_99643,2020-01-06 20:04:42,2020-01-06 20:04:42
2188,Categoria 78927,url_75774,2020-01-06 20:04:42,2020-01-06 20:04:42
2189,Categoria 75856,url_76551,2020-01-06 20:04:43,2020-01-06 20:04:43
2190,Categoria 98715,url_79420,2020-01-06 20:04:43,2020-01-06 20:04:43
2191,Categoria 67399,url_81482,2020-01-06 20:04:43,2020-01-06 20:04:43
2192,Categoria 97489,url_70375,2020-01-06 20:04:44,2020-01-06 20:04:44
2193,Categoria 96345,url_68464,2020-01-06 20:04:44,2020-01-06 20:04:44
2194,Categoria 79878,url_99372,2020-01-06 20:04:44,2020-01-06 20:04:44
2195,Categoria 57169,url_87858,2020-01-06 20:04:44,2020-01-06 20:04:44
2196,Categoria 82819,url_71367,2020-01-06 20:04:44,2020-01-06 20:04:44
2197,Categoria 99399,url_81937,2020-01-06 20:04:44,2020-01-06 20:04:44
2198,Categoria 93195,url_79278,2020-01-06 20:04:44,2020-01-06 20:04:44
2199,Categoria 84227,url_85784,2020-01-06 20:04:45,2020-01-06 20:04:45
2200,Categoria 61693,url_95303,2020-01-06 20:04:45,2020-01-06 20:04:45
2201,Categoria 95733,url_97523,2020-01-06 20:04:45,2020-01-06 20:04:45
2202,Categoria 81852,url_78952,2020-01-06 20:04:46,2020-01-06 20:04:46
2203,Categoria 55744,url_89154,2020-01-06 20:04:46,2020-01-06 20:04:46
2204,Categoria 85410,url_73140,2020-01-06 20:04:46,2020-01-06 20:04:46
2205,Categoria 60750,url_69439,2020-01-06 20:04:46,2020-01-06 20:04:46
2206,Categoria 71543,url_94730,2020-01-06 20:04:47,2020-01-06 20:04:47
2207,Categoria 63891,url_99279,2020-01-06 20:04:49,2020-01-06 20:04:49
2208,Categoria 68361,url_94074,2020-01-06 20:04:50,2020-01-06 20:04:50
2209,Categoria 69406,url_87881,2020-01-06 20:04:50,2020-01-06 20:04:50
2210,Categoria 99660,url_72398,2020-01-06 20:04:50,2020-01-06 20:04:50
2211,Categoria 73952,url_73277,2020-01-06 20:04:50,2020-01-06 20:04:50
2212,Categoria 57078,url_86267,2020-01-06 20:04:50,2020-01-06 20:04:50
2213,Categoria 97486,url_79555,2020-01-06 20:04:50,2020-01-06 20:04:50
2214,Categoria 87152,url_87610,2020-01-06 20:04:51,2020-01-06 20:04:51
2215,Categoria 58027,url_91059,2020-01-06 20:04:51,2020-01-06 20:04:51
2216,Categoria 98923,url_68349,2020-01-06 20:04:52,2020-01-06 20:04:52
2217,Categoria 81829,url_82627,2020-01-06 20:04:52,2020-01-06 20:04:52
2218,Categoria 92554,url_89781,2020-01-06 20:04:53,2020-01-06 20:04:53
2219,Categoria 81653,url_74550,2020-01-06 20:04:53,2020-01-06 20:04:53
2220,Categoria 63337,url_91318,2020-01-06 20:04:53,2020-01-06 20:04:53
2221,Categoria 67566,url_86302,2020-01-06 20:04:53,2020-01-06 20:04:53
2222,Categoria 94546,url_86434,2020-01-06 20:04:53,2020-01-06 20:04:53
2223,Categoria 74375,url_78083,2020-01-06 20:04:53,2020-01-06 20:04:53
2224,Categoria 66847,url_73833,2020-01-06 20:04:53,2020-01-06 20:04:53
2225,Categoria 74241,url_95564,2020-01-06 20:04:53,2020-01-06 20:04:53
2226,Categoria 77477,url_98166,2020-01-06 20:04:53,2020-01-06 20:04:53
2227,Categoria 95942,url_93207,2020-01-06 20:04:53,2020-01-06 20:04:53
2228,Categoria 57261,url_88796,2020-01-06 20:04:53,2020-01-06 20:04:53
2229,Categoria 94450,url_67025,2020-01-06 20:04:53,2020-01-06 20:04:53
2230,Categoria 55876,url_85699,2020-01-06 20:04:54,2020-01-06 20:04:54
2231,Categoria 72694,url_76538,2020-01-06 20:04:54,2020-01-06 20:04:54
2232,Categoria 57557,url_86629,2020-01-06 20:04:55,2020-01-06 20:04:55
2233,Categoria 57881,url_68559,2020-01-06 20:04:55,2020-01-06 20:04:55
2234,Categoria 79034,url_86170,2020-01-06 20:04:56,2020-01-06 20:04:56
2235,Categoria 73027,url_88352,2020-01-06 20:04:56,2020-01-06 20:04:56
2236,Categoria 57647,url_89669,2020-01-06 20:04:56,2020-01-06 20:04:56
2237,Categoria 65052,url_72369,2020-01-06 20:04:56,2020-01-06 20:04:56
2238,Categoria 55612,url_97960,2020-01-06 20:04:56,2020-01-06 20:04:56
2239,Categoria 71657,url_83191,2020-01-06 20:04:56,2020-01-06 20:04:56
2240,Categoria 58648,url_92018,2020-01-06 20:04:56,2020-01-06 20:04:56
2241,Categoria 60602,url_94637,2020-01-06 20:04:57,2020-01-06 20:04:57
2242,Categoria 79737,url_99980,2020-01-06 20:04:57,2020-01-06 20:04:57
2243,Categoria 91084,url_68787,2020-01-06 20:04:58,2020-01-06 20:04:58
2244,Categoria 66380,url_72688,2020-01-06 20:04:58,2020-01-06 20:04:58
2245,Categoria 98528,url_77461,2020-01-06 20:04:58,2020-01-06 20:04:58
2246,Categoria 57305,url_74994,2020-01-06 20:04:58,2020-01-06 20:04:58
2247,Categoria 73202,url_73629,2020-01-06 20:04:58,2020-01-06 20:04:58
2248,Categoria 94449,url_71020,2020-01-06 20:04:58,2020-01-06 20:04:58
2249,Categoria 89337,url_94488,2020-01-06 20:04:58,2020-01-06 20:04:58
2250,Categoria 73226,url_87821,2020-01-06 20:04:58,2020-01-06 20:04:58
2251,Categoria 73703,url_95187,2020-01-06 20:04:58,2020-01-06 20:04:58
2252,Categoria 67664,url_71762,2020-01-06 20:04:58,2020-01-06 20:04:58
2253,Categoria 96576,url_93648,2020-01-06 20:04:58,2020-01-06 20:04:58
2254,Categoria 81147,url_82624,2020-01-06 20:04:59,2020-01-06 20:04:59
2255,Categoria 65522,url_69499,2020-01-06 20:05:00,2020-01-06 20:05:00
2256,Categoria 93399,url_92575,2020-01-06 20:05:00,2020-01-06 20:05:00
2257,Categoria 59819,url_68838,2020-01-06 20:05:00,2020-01-06 20:05:00
2258,Categoria 80034,url_79738,2020-01-06 20:05:00,2020-01-06 20:05:00
2259,Categoria 77941,url_99790,2020-01-06 20:05:00,2020-01-06 20:05:00
2260,Categoria 65301,url_73131,2020-01-06 20:05:00,2020-01-06 20:05:00
2261,Categoria 73119,url_84445,2020-01-06 20:05:01,2020-01-06 20:05:01
2262,Categoria 58915,url_82186,2020-01-06 20:05:02,2020-01-06 20:05:02
2263,Categoria 61843,url_69128,2020-01-06 20:05:03,2020-01-06 20:05:03
2264,Categoria 69762,url_86823,2020-01-06 20:05:04,2020-01-06 20:05:04
2265,Categoria 98592,url_78903,2020-01-06 20:05:06,2020-01-06 20:05:06
2266,Categoria 85683,url_99317,2020-01-06 20:05:07,2020-01-06 20:05:07
2267,Categoria 68529,url_70150,2020-01-06 20:05:08,2020-01-06 20:05:08
2268,Categoria 65784,url_78135,2020-01-06 20:05:09,2020-01-06 20:05:09
2269,Categoria 64656,url_70104,2020-01-06 20:05:09,2020-01-06 20:05:09
2270,Categoria 73569,url_82784,2020-01-06 20:05:09,2020-01-06 20:05:09
2271,Categoria 75254,url_92058,2020-01-06 20:05:10,2020-01-06 20:05:10
2272,Categoria 74161,url_70701,2020-01-06 20:05:10,2020-01-06 20:05:10
2273,Categoria 75821,url_68895,2020-01-06 20:05:10,2020-01-06 20:05:10
2274,Categoria 73296,url_99396,2020-01-06 20:05:10,2020-01-06 20:05:10
2275,Categoria 73940,url_74226,2020-01-06 20:05:11,2020-01-06 20:05:11
2276,Categoria 66690,url_90154,2020-01-06 20:05:11,2020-01-06 20:05:11
2277,Categoria 70623,url_67261,2020-01-06 20:05:11,2020-01-06 20:05:11
2278,Categoria 99880,url_70037,2020-01-06 20:05:11,2020-01-06 20:05:11
2279,Categoria 79156,url_79954,2020-01-06 20:05:12,2020-01-06 20:05:12
2280,Categoria 67273,url_70319,2020-01-06 20:05:12,2020-01-06 20:05:12
2281,Categoria 89677,url_80741,2020-01-06 20:05:12,2020-01-06 20:05:12
2282,Categoria 99353,url_73871,2020-01-06 20:05:12,2020-01-06 20:05:12
2283,Categoria 85954,url_71627,2020-01-06 20:05:12,2020-01-06 20:05:12
2284,Categoria 71114,url_93389,2020-01-06 20:05:12,2020-01-06 20:05:12
2285,Categoria 65935,url_89806,2020-01-06 20:05:12,2020-01-06 20:05:12
2286,Categoria 58581,url_74796,2020-01-06 20:05:12,2020-01-06 20:05:12
2287,Categoria 56248,url_79758,2020-01-06 20:05:12,2020-01-06 20:05:12
2288,Categoria 84046,url_81847,2020-01-06 20:05:12,2020-01-06 20:05:12
2289,Categoria 56139,url_97240,2020-01-06 20:05:14,2020-01-06 20:05:14
2290,Categoria 62382,url_84152,2020-01-06 20:05:14,2020-01-06 20:05:14
2291,Categoria 67283,url_79205,2020-01-06 20:05:14,2020-01-06 20:05:14
2292,Categoria 68196,url_95040,2020-01-06 20:05:14,2020-01-06 20:05:14
2293,Categoria 93066,url_99328,2020-01-06 20:05:15,2020-01-06 20:05:15
2294,Categoria 88988,url_90973,2020-01-06 20:05:15,2020-01-06 20:05:15
2295,Categoria 57001,url_97043,2020-01-06 20:05:15,2020-01-06 20:05:15
2296,Categoria 98663,url_76312,2020-01-06 20:05:15,2020-01-06 20:05:15
2297,Categoria 76881,url_70797,2020-01-06 20:05:15,2020-01-06 20:05:15
2298,Categoria 78420,url_95741,2020-01-06 20:05:15,2020-01-06 20:05:15
2299,Categoria 61565,url_72393,2020-01-06 20:05:15,2020-01-06 20:05:15
2300,Categoria 60147,url_84737,2020-01-06 20:05:15,2020-01-06 20:05:15
2301,Categoria 69321,url_71519,2020-01-06 20:05:15,2020-01-06 20:05:15
2302,Categoria 90886,url_99287,2020-01-06 20:05:16,2020-01-06 20:05:16
2303,Categoria 73691,url_98234,2020-01-06 20:05:16,2020-01-06 20:05:16
2304,Categoria 84504,url_99690,2020-01-06 20:05:16,2020-01-06 20:05:16
2305,Categoria 91850,url_85029,2020-01-06 20:05:16,2020-01-06 20:05:16
2306,Categoria 55635,url_96491,2020-01-06 20:05:17,2020-01-06 20:05:17
2307,Categoria 77934,url_91429,2020-01-06 20:05:17,2020-01-06 20:05:17
2308,Categoria 58069,url_99330,2020-01-06 20:05:17,2020-01-06 20:05:17
2309,Categoria 99730,url_89501,2020-01-06 20:05:17,2020-01-06 20:05:17
2310,Categoria 61722,url_74952,2020-01-06 20:05:17,2020-01-06 20:05:17
2311,Categoria 69878,url_94769,2020-01-06 20:05:17,2020-01-06 20:05:17
2312,Categoria 94840,url_74905,2020-01-06 20:05:17,2020-01-06 20:05:17
2313,Categoria 73403,url_74893,2020-01-06 20:05:17,2020-01-06 20:05:17
2314,Categoria 86642,url_85151,2020-01-06 20:05:17,2020-01-06 20:05:17
2315,Categoria 74211,url_93198,2020-01-06 20:05:17,2020-01-06 20:05:17
2316,Categoria 85948,url_78530,2020-01-06 20:05:18,2020-01-06 20:05:18
2317,Categoria 99702,url_95967,2020-01-06 20:05:20,2020-01-06 20:05:20
2318,Categoria 99471,url_93414,2020-01-06 20:05:21,2020-01-06 20:05:21
2319,Categoria 87742,url_93931,2020-01-06 20:05:22,2020-01-06 20:05:22
2320,Categoria 86879,url_76880,2020-01-06 20:05:23,2020-01-06 20:05:23
2321,Categoria 58540,url_71544,2020-01-06 20:05:23,2020-01-06 20:05:23
2322,Categoria 68463,url_89348,2020-01-06 20:05:24,2020-01-06 20:05:24
2323,Categoria 72856,url_89827,2020-01-06 20:05:24,2020-01-06 20:05:24
2324,Categoria 85277,url_90969,2020-01-06 20:05:24,2020-01-06 20:05:24
2325,Categoria 60153,url_99810,2020-01-06 20:05:24,2020-01-06 20:05:24
2326,Categoria 60048,url_83798,2020-01-06 20:05:25,2020-01-06 20:05:25
2327,Categoria 79863,url_75131,2020-01-06 20:05:25,2020-01-06 20:05:25
2328,Categoria 93851,url_69578,2020-01-06 20:05:25,2020-01-06 20:05:25
2329,Categoria 72473,url_92809,2020-01-06 20:05:26,2020-01-06 20:05:26
2330,Categoria 91660,url_97052,2020-01-06 20:05:26,2020-01-06 20:05:26
2331,Categoria 88692,url_81140,2020-01-06 20:05:26,2020-01-06 20:05:26
2332,Categoria 63412,url_74791,2020-01-06 20:05:26,2020-01-06 20:05:26
2333,Categoria 81824,url_71297,2020-01-06 20:05:26,2020-01-06 20:05:26
2334,Categoria 59729,url_96625,2020-01-06 20:05:26,2020-01-06 20:05:26
2335,Categoria 60207,url_82317,2020-01-06 20:05:27,2020-01-06 20:05:27
2336,Categoria 97507,url_88999,2020-01-06 20:05:27,2020-01-06 20:05:27
2337,Categoria 71606,url_67146,2020-01-06 20:05:27,2020-01-06 20:05:27
2338,Categoria 80390,url_92667,2020-01-06 20:05:27,2020-01-06 20:05:27
2339,Categoria 70669,url_96835,2020-01-06 20:05:27,2020-01-06 20:05:27
2340,Categoria 81193,url_86407,2020-01-06 20:05:27,2020-01-06 20:05:27
2341,Categoria 83880,url_90478,2020-01-06 20:05:28,2020-01-06 20:05:28
2342,Categoria 96393,url_69150,2020-01-06 20:05:28,2020-01-06 20:05:28
2343,Categoria 85809,url_79687,2020-01-06 20:05:28,2020-01-06 20:05:28
2344,Categoria 60746,url_69673,2020-01-06 20:05:28,2020-01-06 20:05:28
2345,Categoria 75489,url_72624,2020-01-06 20:05:29,2020-01-06 20:05:29
2346,Categoria 81980,url_66892,2020-01-06 20:05:29,2020-01-06 20:05:29
2347,Categoria 76432,url_67988,2020-01-06 20:05:29,2020-01-06 20:05:29
2348,Categoria 79345,url_78740,2020-01-06 20:05:29,2020-01-06 20:05:29
2349,Categoria 55640,url_74019,2020-01-06 20:05:29,2020-01-06 20:05:29
2350,Categoria 94024,url_72751,2020-01-06 20:05:29,2020-01-06 20:05:29
2351,Categoria 91409,url_78301,2020-01-06 20:05:31,2020-01-06 20:05:31
2352,Categoria 82188,url_73319,2020-01-06 20:05:31,2020-01-06 20:05:31
2353,Categoria 90164,url_81753,2020-01-06 20:05:31,2020-01-06 20:05:31
2354,Categoria 99919,url_79987,2020-01-06 20:05:31,2020-01-06 20:05:31
2355,Categoria 61536,url_67890,2020-01-06 20:05:31,2020-01-06 20:05:31
2356,Categoria 91823,url_69181,2020-01-06 20:05:31,2020-01-06 20:05:31
2357,Categoria 99049,url_66702,2020-01-06 20:05:31,2020-01-06 20:05:31
2358,Categoria 63895,url_98780,2020-01-06 20:05:32,2020-01-06 20:05:32
2359,Categoria 74765,url_94118,2020-01-06 20:05:32,2020-01-06 20:05:32
2360,Categoria 91980,url_77515,2020-01-06 20:05:32,2020-01-06 20:05:32
2361,Categoria 60885,url_80090,2020-01-06 20:05:32,2020-01-06 20:05:32
2362,Categoria 57112,url_96312,2020-01-06 20:05:32,2020-01-06 20:05:32
2363,Categoria 62074,url_78722,2020-01-06 20:05:32,2020-01-06 20:05:32
2364,Categoria 90790,url_74570,2020-01-06 20:05:33,2020-01-06 20:05:33
2365,Categoria 75788,url_93169,2020-01-06 20:05:33,2020-01-06 20:05:33
2366,Categoria 71816,url_68020,2020-01-06 20:05:33,2020-01-06 20:05:33
2367,Categoria 70105,url_75855,2020-01-06 20:05:33,2020-01-06 20:05:33
2368,Categoria 83560,url_83315,2020-01-06 20:05:33,2020-01-06 20:05:33
2369,Categoria 87176,url_74172,2020-01-06 20:05:33,2020-01-06 20:05:33
2370,Categoria 72721,url_70467,2020-01-06 20:05:33,2020-01-06 20:05:33
2371,Categoria 67355,url_69080,2020-01-06 20:05:33,2020-01-06 20:05:33
2372,Categoria 68850,url_79584,2020-01-06 20:05:33,2020-01-06 20:05:33
2373,Categoria 57735,url_68959,2020-01-06 20:05:34,2020-01-06 20:05:34
2374,Categoria 65348,url_83161,2020-01-06 20:05:34,2020-01-06 20:05:34
2375,Categoria 86234,url_72199,2020-01-06 20:05:34,2020-01-06 20:05:34
2376,Categoria 58473,url_79786,2020-01-06 20:05:34,2020-01-06 20:05:34
2377,Categoria 93062,url_68951,2020-01-06 20:05:35,2020-01-06 20:05:35
2378,Categoria 99428,url_84294,2020-01-06 20:05:37,2020-01-06 20:05:37
2379,Categoria 99813,url_83952,2020-01-06 20:05:38,2020-01-06 20:05:38
2380,Categoria 70942,url_81267,2020-01-06 20:05:39,2020-01-06 20:05:39
2381,Categoria 90643,url_85444,2020-01-06 20:05:40,2020-01-06 20:05:40
2382,Categoria 65456,url_82555,2020-01-06 20:05:40,2020-01-06 20:05:40
2383,Categoria 60863,url_96472,2020-01-06 20:05:40,2020-01-06 20:05:40
2384,Categoria 62380,url_91737,2020-01-06 20:05:41,2020-01-06 20:05:41
2385,Categoria 63480,url_82844,2020-01-06 20:05:41,2020-01-06 20:05:41
2386,Categoria 59071,url_76591,2020-01-06 20:05:41,2020-01-06 20:05:41
2387,Categoria 87124,url_67255,2020-01-06 20:05:41,2020-01-06 20:05:41
2388,Categoria 61621,url_78967,2020-01-06 20:05:42,2020-01-06 20:05:42
2389,Categoria 80444,url_83448,2020-01-06 20:05:42,2020-01-06 20:05:42
2390,Categoria 87335,url_81631,2020-01-06 20:05:42,2020-01-06 20:05:42
2391,Categoria 97129,url_85955,2020-01-06 20:05:42,2020-01-06 20:05:42
2392,Categoria 58852,url_72976,2020-01-06 20:05:42,2020-01-06 20:05:42
2393,Categoria 96368,url_73246,2020-01-06 20:05:42,2020-01-06 20:05:42
2394,Categoria 96831,url_88840,2020-01-06 20:05:43,2020-01-06 20:05:43
2395,Categoria 89486,url_91702,2020-01-06 20:05:44,2020-01-06 20:05:44
2396,Categoria 86656,url_71113,2020-01-06 20:05:44,2020-01-06 20:05:44
2397,Categoria 58457,url_79105,2020-01-06 20:05:44,2020-01-06 20:05:44
2398,Categoria 67556,url_70046,2020-01-06 20:05:44,2020-01-06 20:05:44
2399,Categoria 99260,url_67455,2020-01-06 20:05:44,2020-01-06 20:05:44
2400,Categoria 84826,url_98061,2020-01-06 20:05:44,2020-01-06 20:05:44
2401,Categoria 75452,url_77989,2020-01-06 20:05:44,2020-01-06 20:05:44
2402,Categoria 82900,url_90172,2020-01-06 20:05:44,2020-01-06 20:05:44
2403,Categoria 57338,url_68677,2020-01-06 20:05:45,2020-01-06 20:05:45
2404,Categoria 66833,url_93531,2020-01-06 20:05:45,2020-01-06 20:05:45
2405,Categoria 82766,url_69252,2020-01-06 20:05:46,2020-01-06 20:05:46
2406,Categoria 85967,url_85895,2020-01-06 20:05:46,2020-01-06 20:05:46
2407,Categoria 56254,url_92784,2020-01-06 20:05:46,2020-01-06 20:05:46
2408,Categoria 94102,url_94959,2020-01-06 20:05:46,2020-01-06 20:05:46
2409,Categoria 91987,url_88601,2020-01-06 20:05:46,2020-01-06 20:05:46
2410,Categoria 79956,url_98573,2020-01-06 20:05:46,2020-01-06 20:05:46
2411,Categoria 78561,url_86240,2020-01-06 20:05:47,2020-01-06 20:05:47
2412,Categoria 73976,url_84730,2020-01-06 20:05:47,2020-01-06 20:05:47
2413,Categoria 82746,url_79718,2020-01-06 20:05:47,2020-01-06 20:05:47
2414,Categoria 75791,url_77059,2020-01-06 20:05:48,2020-01-06 20:05:48
2415,Categoria 84469,url_95996,2020-01-06 20:05:48,2020-01-06 20:05:48
2416,Categoria 87728,url_85612,2020-01-06 20:05:48,2020-01-06 20:05:48
2417,Categoria 70571,url_72799,2020-01-06 20:05:49,2020-01-06 20:05:49
2418,Categoria 85352,url_70943,2020-01-06 20:05:49,2020-01-06 20:05:49
2419,Categoria 57127,url_99292,2020-01-06 20:05:49,2020-01-06 20:05:49
2420,Categoria 86907,url_91473,2020-01-06 20:05:49,2020-01-06 20:05:49
2421,Categoria 89518,url_89851,2020-01-06 20:05:49,2020-01-06 20:05:49
2422,Categoria 86427,url_94589,2020-01-06 20:05:49,2020-01-06 20:05:49
2423,Categoria 78466,url_72523,2020-01-06 20:05:49,2020-01-06 20:05:49
2424,Categoria 98065,url_96032,2020-01-06 20:05:49,2020-01-06 20:05:49
2425,Categoria 87163,url_69502,2020-01-06 20:05:49,2020-01-06 20:05:49
2426,Categoria 71195,url_82909,2020-01-06 20:05:49,2020-01-06 20:05:49
2427,Categoria 93523,url_96069,2020-01-06 20:05:49,2020-01-06 20:05:49
2428,Categoria 68574,url_79883,2020-01-06 20:05:50,2020-01-06 20:05:50
2429,Categoria 65809,url_83863,2020-01-06 20:05:50,2020-01-06 20:05:50
2430,Categoria 60616,url_95756,2020-01-06 20:05:50,2020-01-06 20:05:50
2431,Categoria 89671,url_88179,2020-01-06 20:05:50,2020-01-06 20:05:50
2432,Categoria 55582,url_82562,2020-01-06 20:05:51,2020-01-06 20:05:51
2433,Categoria 84462,url_98005,2020-01-06 20:05:51,2020-01-06 20:05:51
2434,Categoria 84526,url_82510,2020-01-06 20:05:51,2020-01-06 20:05:51
2435,Categoria 89690,url_68263,2020-01-06 20:05:51,2020-01-06 20:05:51
2436,Categoria 89417,url_89579,2020-01-06 20:05:51,2020-01-06 20:05:51
2437,Categoria 61046,url_74460,2020-01-06 20:05:51,2020-01-06 20:05:51
2438,Categoria 71592,url_94898,2020-01-06 20:05:51,2020-01-06 20:05:51
2439,Categoria 66005,url_99393,2020-01-06 20:05:51,2020-01-06 20:05:51
2440,Categoria 60021,url_84105,2020-01-06 20:05:51,2020-01-06 20:05:51
2441,Categoria 87162,url_68525,2020-01-06 20:05:51,2020-01-06 20:05:51
2442,Categoria 94452,url_93413,2020-01-06 20:05:52,2020-01-06 20:05:52
2443,Categoria 76032,url_75632,2020-01-06 20:05:53,2020-01-06 20:05:53
2444,Categoria 68398,url_70713,2020-01-06 20:05:54,2020-01-06 20:05:54
2445,Categoria 85039,url_75106,2020-01-06 20:05:54,2020-01-06 20:05:54
2446,Categoria 66449,url_98686,2020-01-06 20:05:54,2020-01-06 20:05:54
2447,Categoria 69735,url_71138,2020-01-06 20:05:54,2020-01-06 20:05:54
2448,Categoria 92696,url_71670,2020-01-06 20:05:54,2020-01-06 20:05:54
2449,Categoria 96516,url_79797,2020-01-06 20:05:55,2020-01-06 20:05:55
2450,Categoria 67191,url_97697,2020-01-06 20:05:55,2020-01-06 20:05:55
2451,Categoria 69304,url_70698,2020-01-06 20:05:55,2020-01-06 20:05:55
2452,Categoria 71022,url_69893,2020-01-06 20:05:55,2020-01-06 20:05:55
2453,Categoria 78400,url_88530,2020-01-06 20:05:55,2020-01-06 20:05:55
2454,Categoria 80315,url_71370,2020-01-06 20:05:55,2020-01-06 20:05:55
2455,Categoria 85173,url_83357,2020-01-06 20:05:56,2020-01-06 20:05:56
2456,Categoria 63446,url_96668,2020-01-06 20:05:56,2020-01-06 20:05:56
2457,Categoria 75443,url_90864,2020-01-06 20:05:56,2020-01-06 20:05:56
2458,Categoria 99032,url_92394,2020-01-06 20:05:56,2020-01-06 20:05:56
2459,Categoria 95593,url_86579,2020-01-06 20:05:56,2020-01-06 20:05:56
2460,Categoria 59277,url_90022,2020-01-06 20:05:56,2020-01-06 20:05:56
2461,Categoria 62160,url_99297,2020-01-06 20:05:56,2020-01-06 20:05:56
2462,Categoria 76138,url_86675,2020-01-06 20:05:57,2020-01-06 20:05:57
2463,Categoria 75148,url_88466,2020-01-06 20:05:57,2020-01-06 20:05:57
2464,Categoria 61211,url_83518,2020-01-06 20:05:57,2020-01-06 20:05:57
2465,Categoria 57788,url_72256,2020-01-06 20:05:57,2020-01-06 20:05:57
2466,Categoria 80393,url_78988,2020-01-06 20:05:57,2020-01-06 20:05:57
2467,Categoria 85701,url_84287,2020-01-06 20:05:57,2020-01-06 20:05:57
2468,Categoria 93914,url_72297,2020-01-06 20:05:58,2020-01-06 20:05:58
2469,Categoria 68755,url_92525,2020-01-06 20:05:58,2020-01-06 20:05:58
2470,Categoria 78590,url_87402,2020-01-06 20:05:59,2020-01-06 20:05:59
2471,Categoria 61768,url_79748,2020-01-06 20:05:59,2020-01-06 20:05:59
2472,Categoria 78955,url_70790,2020-01-06 20:05:59,2020-01-06 20:05:59
2473,Categoria 68931,url_66773,2020-01-06 20:05:59,2020-01-06 20:05:59
2474,Categoria 74566,url_72499,2020-01-06 20:05:59,2020-01-06 20:05:59
2475,Categoria 62182,url_87775,2020-01-06 20:05:59,2020-01-06 20:05:59
2476,Categoria 73178,url_72994,2020-01-06 20:05:59,2020-01-06 20:05:59
2477,Categoria 60490,url_84721,2020-01-06 20:05:59,2020-01-06 20:05:59
2478,Categoria 88819,url_96508,2020-01-06 20:06:00,2020-01-06 20:06:00
2479,Categoria 56334,url_94291,2020-01-06 20:06:00,2020-01-06 20:06:00
2480,Categoria 78733,url_88738,2020-01-06 20:06:00,2020-01-06 20:06:00
2481,Categoria 58165,url_90456,2020-01-06 20:06:01,2020-01-06 20:06:01
2482,Categoria 76904,url_67002,2020-01-06 20:06:01,2020-01-06 20:06:01
2483,Categoria 77349,url_79942,2020-01-06 20:06:01,2020-01-06 20:06:01
2484,Categoria 78085,url_94072,2020-01-06 20:06:01,2020-01-06 20:06:01
2485,Categoria 71617,url_89738,2020-01-06 20:06:01,2020-01-06 20:06:01
2486,Categoria 63656,url_75205,2020-01-06 20:06:02,2020-01-06 20:06:02
2487,Categoria 78507,url_77949,2020-01-06 20:06:02,2020-01-06 20:06:02
2488,Categoria 81036,url_90849,2020-01-06 20:06:02,2020-01-06 20:06:02
2489,Categoria 75901,url_97954,2020-01-06 20:06:02,2020-01-06 20:06:02
2490,Categoria 87150,url_84248,2020-01-06 20:06:03,2020-01-06 20:06:03
2491,Categoria 78806,url_89701,2020-01-06 20:06:03,2020-01-06 20:06:03
2492,Categoria 77575,url_80683,2020-01-06 20:06:03,2020-01-06 20:06:03
2493,Categoria 71608,url_78453,2020-01-06 20:06:03,2020-01-06 20:06:03
2494,Categoria 69449,url_97077,2020-01-06 20:06:03,2020-01-06 20:06:03
2495,Categoria 73648,url_70170,2020-01-06 20:06:03,2020-01-06 20:06:03
2496,Categoria 64770,url_89451,2020-01-06 20:06:03,2020-01-06 20:06:03
2497,Categoria 98004,url_99501,2020-01-06 20:06:05,2020-01-06 20:06:05
2498,Categoria 95518,url_77600,2020-01-06 20:06:05,2020-01-06 20:06:05
2499,Categoria 84107,url_70083,2020-01-06 20:06:05,2020-01-06 20:06:05
2500,Categoria 79607,url_95356,2020-01-06 20:06:05,2020-01-06 20:06:05
2501,Categoria 73565,url_80052,2020-01-06 20:06:05,2020-01-06 20:06:05
2502,Categoria 65911,url_72339,2020-01-06 20:06:05,2020-01-06 20:06:05
2503,Categoria 88952,url_75495,2020-01-06 20:06:05,2020-01-06 20:06:05
2504,Categoria 80208,url_69352,2020-01-06 20:06:05,2020-01-06 20:06:05
2505,Categoria 84668,url_76451,2020-01-06 20:06:05,2020-01-06 20:06:05
2506,Categoria 86264,url_91094,2020-01-06 20:06:06,2020-01-06 20:06:06
2507,Categoria 96856,url_87401,2020-01-06 20:06:06,2020-01-06 20:06:06
2508,Categoria 76048,url_83424,2020-01-06 20:06:06,2020-01-06 20:06:06
2509,Categoria 61793,url_96588,2020-01-06 20:06:06,2020-01-06 20:06:06
2510,Categoria 98474,url_66734,2020-01-06 20:06:06,2020-01-06 20:06:06
2511,Categoria 60437,url_89834,2020-01-06 20:06:06,2020-01-06 20:06:06
2512,Categoria 76794,url_76862,2020-01-06 20:06:07,2020-01-06 20:06:07
2513,Categoria 86467,url_88710,2020-01-06 20:06:08,2020-01-06 20:06:08
2514,Categoria 63533,url_81940,2020-01-06 20:06:09,2020-01-06 20:06:09
2515,Categoria 75417,url_84853,2020-01-06 20:06:10,2020-01-06 20:06:10
2516,Categoria 79352,url_91242,2020-01-06 20:06:10,2020-01-06 20:06:10
2517,Categoria 77499,url_78907,2020-01-06 20:06:10,2020-01-06 20:06:10
2518,Categoria 82014,url_99420,2020-01-06 20:06:10,2020-01-06 20:06:10
2519,Categoria 59983,url_93777,2020-01-06 20:06:10,2020-01-06 20:06:10
2520,Categoria 72995,url_76772,2020-01-06 20:06:10,2020-01-06 20:06:10
2521,Categoria 90409,url_70763,2020-01-06 20:06:10,2020-01-06 20:06:10
2522,Categoria 70809,url_93765,2020-01-06 20:06:10,2020-01-06 20:06:10
2523,Categoria 66143,url_95920,2020-01-06 20:06:11,2020-01-06 20:06:11
2524,Categoria 76747,url_86732,2020-01-06 20:06:11,2020-01-06 20:06:11
2525,Categoria 93705,url_71039,2020-01-06 20:06:12,2020-01-06 20:06:12
2526,Categoria 55654,url_79873,2020-01-06 20:06:12,2020-01-06 20:06:12
2527,Categoria 69052,url_92455,2020-01-06 20:06:12,2020-01-06 20:06:12
2528,Categoria 66754,url_86354,2020-01-06 20:06:12,2020-01-06 20:06:12
2529,Categoria 92013,url_96686,2020-01-06 20:06:13,2020-01-06 20:06:13
2530,Categoria 85810,url_92831,2020-01-06 20:06:13,2020-01-06 20:06:13
2531,Categoria 89924,url_90322,2020-01-06 20:06:13,2020-01-06 20:06:13
2532,Categoria 95730,url_91432,2020-01-06 20:06:13,2020-01-06 20:06:13
2533,Categoria 79820,url_71479,2020-01-06 20:06:14,2020-01-06 20:06:14
2534,Categoria 85172,url_68338,2020-01-06 20:06:14,2020-01-06 20:06:14
2535,Categoria 92497,url_89355,2020-01-06 20:06:14,2020-01-06 20:06:14
2536,Categoria 94572,url_97503,2020-01-06 20:06:15,2020-01-06 20:06:15
2537,Categoria 56966,url_85752,2020-01-06 20:06:15,2020-01-06 20:06:15
2538,Categoria 69349,url_69894,2020-01-06 20:06:15,2020-01-06 20:06:15
2539,Categoria 87230,url_75554,2020-01-06 20:06:15,2020-01-06 20:06:15
2540,Categoria 80150,url_82402,2020-01-06 20:06:15,2020-01-06 20:06:15
2541,Categoria 66798,url_84864,2020-01-06 20:06:15,2020-01-06 20:06:15
2542,Categoria 58862,url_75940,2020-01-06 20:06:16,2020-01-06 20:06:16
2543,Categoria 66089,url_80940,2020-01-06 20:06:16,2020-01-06 20:06:16
2544,Categoria 76314,url_72375,2020-01-06 20:06:16,2020-01-06 20:06:16
2545,Categoria 72929,url_76830,2020-01-06 20:06:16,2020-01-06 20:06:16
2546,Categoria 82569,url_66979,2020-01-06 20:06:16,2020-01-06 20:06:16
2547,Categoria 93813,url_67374,2020-01-06 20:06:17,2020-01-06 20:06:17
2548,Categoria 81984,url_98917,2020-01-06 20:06:17,2020-01-06 20:06:17
2549,Categoria 83938,url_82553,2020-01-06 20:06:17,2020-01-06 20:06:17
2550,Categoria 86998,url_73394,2020-01-06 20:06:17,2020-01-06 20:06:17
2551,Categoria 69412,url_99343,2020-01-06 20:06:17,2020-01-06 20:06:17
2552,Categoria 89047,url_91812,2020-01-06 20:06:18,2020-01-06 20:06:18
2553,Categoria 73816,url_91871,2020-01-06 20:06:18,2020-01-06 20:06:18
2554,Categoria 56576,url_95625,2020-01-06 20:06:18,2020-01-06 20:06:18
2555,Categoria 65830,url_90094,2020-01-06 20:06:18,2020-01-06 20:06:18
2556,Categoria 59710,url_77466,2020-01-06 20:06:19,2020-01-06 20:06:19
2557,Categoria 93499,url_98667,2020-01-06 20:06:19,2020-01-06 20:06:19
2558,Categoria 63127,url_89446,2020-01-06 20:06:19,2020-01-06 20:06:19
2559,Categoria 65914,url_74942,2020-01-06 20:06:19,2020-01-06 20:06:19
2560,Categoria 81916,url_86180,2020-01-06 20:06:19,2020-01-06 20:06:19
2561,Categoria 64744,url_88508,2020-01-06 20:06:20,2020-01-06 20:06:20
2562,Categoria 68806,url_95487,2020-01-06 20:06:20,2020-01-06 20:06:20
2563,Categoria 57608,url_67004,2020-01-06 20:06:20,2020-01-06 20:06:20
2564,Categoria 93940,url_98471,2020-01-06 20:06:20,2020-01-06 20:06:20
2565,Categoria 65125,url_70078,2020-01-06 20:06:20,2020-01-06 20:06:20
2566,Categoria 92229,url_87692,2020-01-06 20:06:21,2020-01-06 20:06:21
2567,Categoria 65433,url_81345,2020-01-06 20:06:21,2020-01-06 20:06:21
2568,Categoria 68470,url_80964,2020-01-06 20:06:21,2020-01-06 20:06:21
2569,Categoria 72136,url_71806,2020-01-06 20:06:21,2020-01-06 20:06:21
2570,Categoria 87319,url_84235,2020-01-06 20:06:21,2020-01-06 20:06:21
2571,Categoria 62504,url_86426,2020-01-06 20:06:22,2020-01-06 20:06:22
2572,Categoria 89636,url_67341,2020-01-06 20:06:22,2020-01-06 20:06:22
2573,Categoria 57700,url_68105,2020-01-06 20:06:22,2020-01-06 20:06:22
2574,Categoria 61827,url_86001,2020-01-06 20:06:22,2020-01-06 20:06:22
2575,Categoria 97733,url_86032,2020-01-06 20:06:22,2020-01-06 20:06:22
2576,Categoria 78408,url_69827,2020-01-06 20:06:22,2020-01-06 20:06:22
2577,Categoria 97462,url_71789,2020-01-06 20:06:22,2020-01-06 20:06:22
2578,Categoria 57705,url_90565,2020-01-06 20:06:23,2020-01-06 20:06:23
2579,Categoria 75695,url_69820,2020-01-06 20:06:23,2020-01-06 20:06:23
2580,Categoria 60296,url_81183,2020-01-06 20:06:23,2020-01-06 20:06:23
2581,Categoria 59132,url_99592,2020-01-06 20:06:23,2020-01-06 20:06:23
2582,Categoria 68223,url_99290,2020-01-06 20:06:23,2020-01-06 20:06:23
2583,Categoria 57656,url_94627,2020-01-06 20:06:23,2020-01-06 20:06:23
2584,Categoria 89222,url_81650,2020-01-06 20:06:23,2020-01-06 20:06:23
2585,Categoria 82067,url_74006,2020-01-06 20:06:24,2020-01-06 20:06:24
2586,Categoria 59291,url_88128,2020-01-06 20:06:24,2020-01-06 20:06:24
2587,Categoria 98180,url_90284,2020-01-06 20:06:24,2020-01-06 20:06:24
2588,Categoria 62087,url_69786,2020-01-06 20:06:24,2020-01-06 20:06:24
2589,Categoria 71686,url_74201,2020-01-06 20:06:24,2020-01-06 20:06:24
2590,Categoria 94648,url_83294,2020-01-06 20:06:24,2020-01-06 20:06:24
2591,Categoria 81086,url_95200,2020-01-06 20:06:25,2020-01-06 20:06:25
2592,Categoria 91164,url_75636,2020-01-06 20:06:25,2020-01-06 20:06:25
2593,Categoria 78906,url_97793,2020-01-06 20:06:25,2020-01-06 20:06:25
2594,Categoria 96574,url_67362,2020-01-06 20:06:25,2020-01-06 20:06:25
2595,Categoria 82040,url_83836,2020-01-06 20:06:25,2020-01-06 20:06:25
2596,Categoria 58689,url_91144,2020-01-06 20:06:26,2020-01-06 20:06:26
2597,Categoria 70056,url_97680,2020-01-06 20:06:26,2020-01-06 20:06:26
2598,Categoria 84840,url_87099,2020-01-06 20:06:26,2020-01-06 20:06:26
2599,Categoria 97930,url_74074,2020-01-06 20:06:26,2020-01-06 20:06:26
2600,Categoria 94379,url_72897,2020-01-06 20:06:26,2020-01-06 20:06:26
2601,Categoria 82148,url_88520,2020-01-06 20:06:26,2020-01-06 20:06:26
2602,Categoria 72087,url_92921,2020-01-06 20:06:27,2020-01-06 20:06:27
2603,Categoria 90024,url_94966,2020-01-06 20:06:27,2020-01-06 20:06:27
2604,Categoria 67152,url_87375,2020-01-06 20:06:27,2020-01-06 20:06:27
2605,Categoria 63381,url_66897,2020-01-06 20:06:27,2020-01-06 20:06:27
2606,Categoria 98077,url_68624,2020-01-06 20:06:27,2020-01-06 20:06:27
2607,Categoria 94168,url_93904,2020-01-06 20:06:27,2020-01-06 20:06:27
2608,Categoria 79498,url_80871,2020-01-06 20:06:27,2020-01-06 20:06:27
2609,Categoria 65950,url_69339,2020-01-06 20:06:27,2020-01-06 20:06:27
2610,Categoria 90507,url_92270,2020-01-06 20:06:28,2020-01-06 20:06:28
2611,Categoria 71865,url_67798,2020-01-06 20:06:29,2020-01-06 20:06:29
2612,Categoria 87479,url_82923,2020-01-06 20:06:29,2020-01-06 20:06:29
2613,Categoria 60928,url_77926,2020-01-06 20:06:29,2020-01-06 20:06:29
2614,Categoria 90941,url_89308,2020-01-06 20:06:29,2020-01-06 20:06:29
2615,Categoria 71077,url_76725,2020-01-06 20:06:29,2020-01-06 20:06:29
2616,Categoria 74218,url_97205,2020-01-06 20:06:29,2020-01-06 20:06:29
2617,Categoria 95101,url_79655,2020-01-06 20:06:29,2020-01-06 20:06:29
2618,Categoria 83145,url_67009,2020-01-06 20:06:29,2020-01-06 20:06:29
2619,Categoria 62744,url_67755,2020-01-06 20:06:30,2020-01-06 20:06:30
2620,Categoria 81691,url_74444,2020-01-06 20:06:31,2020-01-06 20:06:31
2621,Categoria 55760,url_85577,2020-01-06 20:06:32,2020-01-06 20:06:32
2622,Categoria 66674,url_99655,2020-01-06 20:06:32,2020-01-06 20:06:32
2623,Categoria 92601,url_69998,2020-01-06 20:06:32,2020-01-06 20:06:32
2624,Categoria 90893,url_79664,2020-01-06 20:06:33,2020-01-06 20:06:33
2625,Categoria 99636,url_99979,2020-01-06 20:06:33,2020-01-06 20:06:33
2626,Categoria 89302,url_77987,2020-01-06 20:06:33,2020-01-06 20:06:33
2627,Categoria 86052,url_99039,2020-01-06 20:06:33,2020-01-06 20:06:33
2628,Categoria 60012,url_68632,2020-01-06 20:06:34,2020-01-06 20:06:34
2629,Categoria 88117,url_84032,2020-01-06 20:06:34,2020-01-06 20:06:34
2630,Categoria 76266,url_77513,2020-01-06 20:06:34,2020-01-06 20:06:34
2631,Categoria 70350,url_77864,2020-01-06 20:06:35,2020-01-06 20:06:35
2632,Categoria 84621,url_91511,2020-01-06 20:06:36,2020-01-06 20:06:36
2633,Categoria 64069,url_94033,2020-01-06 20:06:36,2020-01-06 20:06:36
2634,Categoria 75732,url_78232,2020-01-06 20:06:36,2020-01-06 20:06:36
2635,Categoria 91091,url_96802,2020-01-06 20:06:36,2020-01-06 20:06:36
2636,Categoria 59702,url_94496,2020-01-06 20:06:36,2020-01-06 20:06:36
2637,Categoria 83060,url_69742,2020-01-06 20:06:36,2020-01-06 20:06:36
2638,Categoria 94876,url_89963,2020-01-06 20:06:36,2020-01-06 20:06:36
2639,Categoria 59803,url_72908,2020-01-06 20:06:36,2020-01-06 20:06:36
2640,Categoria 58101,url_98450,2020-01-06 20:06:36,2020-01-06 20:06:36
2641,Categoria 65148,url_76698,2020-01-06 20:06:37,2020-01-06 20:06:37
2642,Categoria 82383,url_72861,2020-01-06 20:06:38,2020-01-06 20:06:38
2643,Categoria 90525,url_80258,2020-01-06 20:06:38,2020-01-06 20:06:38
2644,Categoria 70758,url_70448,2020-01-06 20:06:38,2020-01-06 20:06:38
2645,Categoria 80256,url_80921,2020-01-06 20:06:39,2020-01-06 20:06:39
2646,Categoria 93739,url_84919,2020-01-06 20:06:40,2020-01-06 20:06:40
2647,Categoria 68138,url_67462,2020-01-06 20:06:41,2020-01-06 20:06:41
2648,Categoria 70913,url_76125,2020-01-06 20:06:42,2020-01-06 20:06:42
2649,Categoria 93035,url_72164,2020-01-06 20:06:43,2020-01-06 20:06:43
2650,Categoria 92618,url_92436,2020-01-06 20:06:45,2020-01-06 20:06:45
2651,Categoria 65974,url_84043,2020-01-06 20:06:46,2020-01-06 20:06:46
2652,Categoria 83003,url_96504,2020-01-06 20:06:46,2020-01-06 20:06:46
2653,Categoria 63925,url_75941,2020-01-06 20:06:47,2020-01-06 20:06:47
2654,Categoria 71827,url_67285,2020-01-06 20:06:47,2020-01-06 20:06:47
2655,Categoria 95704,url_83211,2020-01-06 20:06:47,2020-01-06 20:06:47
2656,Categoria 98013,url_69709,2020-01-06 20:06:47,2020-01-06 20:06:47
2657,Categoria 59662,url_76095,2020-01-06 20:06:47,2020-01-06 20:06:47
2658,Categoria 59156,url_78597,2020-01-06 20:06:47,2020-01-06 20:06:47
2659,Categoria 86885,url_71184,2020-01-06 20:06:47,2020-01-06 20:06:47
2660,Categoria 68034,url_74039,2020-01-06 20:06:47,2020-01-06 20:06:47
2661,Categoria 87866,url_76303,2020-01-06 20:06:48,2020-01-06 20:06:48
2662,Categoria 80618,url_76201,2020-01-06 20:06:48,2020-01-06 20:06:48
2663,Categoria 88590,url_83233,2020-01-06 20:06:48,2020-01-06 20:06:48
2664,Categoria 64003,url_88241,2020-01-06 20:06:48,2020-01-06 20:06:48
2665,Categoria 81560,url_94810,2020-01-06 20:06:49,2020-01-06 20:06:49
2666,Categoria 70976,url_71063,2020-01-06 20:06:49,2020-01-06 20:06:49
2667,Categoria 87074,url_90025,2020-01-06 20:06:49,2020-01-06 20:06:49
2668,Categoria 95486,url_97180,2020-01-06 20:06:49,2020-01-06 20:06:49
2669,Categoria 57929,url_68365,2020-01-06 20:06:49,2020-01-06 20:06:49
2670,Categoria 82064,url_92625,2020-01-06 20:06:50,2020-01-06 20:06:50
2671,Categoria 76366,url_91346,2020-01-06 20:06:51,2020-01-06 20:06:51
2672,Categoria 96773,url_88304,2020-01-06 20:06:52,2020-01-06 20:06:52
2673,Categoria 61101,url_84637,2020-01-06 20:06:53,2020-01-06 20:06:53
2674,Categoria 56979,url_68319,2020-01-06 20:06:54,2020-01-06 20:06:54
2675,Categoria 94143,url_74740,2020-01-06 20:06:54,2020-01-06 20:06:54
2676,Categoria 62807,url_75354,2020-01-06 20:06:54,2020-01-06 20:06:54
2677,Categoria 85451,url_82081,2020-01-06 20:06:54,2020-01-06 20:06:54
2678,Categoria 89014,url_96906,2020-01-06 20:06:54,2020-01-06 20:06:54
2679,Categoria 68633,url_83444,2020-01-06 20:06:54,2020-01-06 20:06:54
2680,Categoria 99582,url_83081,2020-01-06 20:06:54,2020-01-06 20:06:54
2681,Categoria 70545,url_83511,2020-01-06 20:06:55,2020-01-06 20:06:55
2682,Categoria 90519,url_74184,2020-01-06 20:06:57,2020-01-06 20:06:57
2683,Categoria 74771,url_72088,2020-01-06 20:06:59,2020-01-06 20:06:59
2684,Categoria 97517,url_74807,2020-01-06 20:07:00,2020-01-06 20:07:00
2685,Categoria 72151,url_87322,2020-01-06 20:07:00,2020-01-06 20:07:00
2686,Categoria 68116,url_92584,2020-01-06 20:07:01,2020-01-06 20:07:01
2687,Categoria 66877,url_91740,2020-01-06 20:07:01,2020-01-06 20:07:01
2688,Categoria 91004,url_77901,2020-01-06 20:07:01,2020-01-06 20:07:01
2689,Categoria 82813,url_72486,2020-01-06 20:07:02,2020-01-06 20:07:02
2690,Categoria 65477,url_82376,2020-01-06 20:07:02,2020-01-06 20:07:02
2691,Categoria 81114,url_83154,2020-01-06 20:07:02,2020-01-06 20:07:02
2692,Categoria 56698,url_95823,2020-01-06 20:07:02,2020-01-06 20:07:02
2693,Categoria 81339,url_70678,2020-01-06 20:07:03,2020-01-06 20:07:03
2694,Categoria 93652,url_92444,2020-01-06 20:07:03,2020-01-06 20:07:03
2695,Categoria 75723,url_85178,2020-01-06 20:07:03,2020-01-06 20:07:03
2696,Categoria 83384,url_82613,2020-01-06 20:07:03,2020-01-06 20:07:03
2697,Categoria 97126,url_83941,2020-01-06 20:07:04,2020-01-06 20:07:04
2698,Categoria 88802,url_83732,2020-01-06 20:07:05,2020-01-06 20:07:05
2699,Categoria 80659,url_96231,2020-01-06 20:07:05,2020-01-06 20:07:05
2700,Categoria 67428,url_88219,2020-01-06 20:07:05,2020-01-06 20:07:05
2701,Categoria 67198,url_88872,2020-01-06 20:07:05,2020-01-06 20:07:05
2702,Categoria 82581,url_95852,2020-01-06 20:07:05,2020-01-06 20:07:05
2703,Categoria 58059,url_96559,2020-01-06 20:07:05,2020-01-06 20:07:05
2704,Categoria 98338,url_71189,2020-01-06 20:07:05,2020-01-06 20:07:05
2705,Categoria 57634,url_81795,2020-01-06 20:07:05,2020-01-06 20:07:05
2706,Categoria 67953,url_68899,2020-01-06 20:07:05,2020-01-06 20:07:05
2707,Categoria 87920,url_78814,2020-01-06 20:07:05,2020-01-06 20:07:05
2708,Categoria 81202,url_84151,2020-01-06 20:07:05,2020-01-06 20:07:05
2709,Categoria 66262,url_81260,2020-01-06 20:07:06,2020-01-06 20:07:06
2710,Categoria 55819,url_76984,2020-01-06 20:07:07,2020-01-06 20:07:07
2711,Categoria 59956,url_90016,2020-01-06 20:07:07,2020-01-06 20:07:07
2712,Categoria 82865,url_97098,2020-01-06 20:07:07,2020-01-06 20:07:07
2713,Categoria 75021,url_85536,2020-01-06 20:07:07,2020-01-06 20:07:07
2714,Categoria 57857,url_81427,2020-01-06 20:07:07,2020-01-06 20:07:07
2715,Categoria 76593,url_88953,2020-01-06 20:07:07,2020-01-06 20:07:07
2716,Categoria 64328,url_67494,2020-01-06 20:07:07,2020-01-06 20:07:07
2717,Categoria 63040,url_73832,2020-01-06 20:07:07,2020-01-06 20:07:07
2718,Categoria 61362,url_92360,2020-01-06 20:07:07,2020-01-06 20:07:07
2719,Categoria 81563,url_73535,2020-01-06 20:07:07,2020-01-06 20:07:07
2720,Categoria 92289,url_87425,2020-01-06 20:07:08,2020-01-06 20:07:08
2721,Categoria 92342,url_75686,2020-01-06 20:07:08,2020-01-06 20:07:08
2722,Categoria 75897,url_83961,2020-01-06 20:07:09,2020-01-06 20:07:09
2723,Categoria 79093,url_84401,2020-01-06 20:07:09,2020-01-06 20:07:09
2724,Categoria 81790,url_93172,2020-01-06 20:07:10,2020-01-06 20:07:10
2725,Categoria 80421,url_78671,2020-01-06 20:07:10,2020-01-06 20:07:10
2726,Categoria 75572,url_97303,2020-01-06 20:07:10,2020-01-06 20:07:10
2727,Categoria 62135,url_94370,2020-01-06 20:07:10,2020-01-06 20:07:10
2728,Categoria 62612,url_75801,2020-01-06 20:07:10,2020-01-06 20:07:10
2729,Categoria 62526,url_70963,2020-01-06 20:07:10,2020-01-06 20:07:10
2730,Categoria 64871,url_73725,2020-01-06 20:07:10,2020-01-06 20:07:10
2731,Categoria 58835,url_84965,2020-01-06 20:07:10,2020-01-06 20:07:10
2732,Categoria 78473,url_94093,2020-01-06 20:07:11,2020-01-06 20:07:11
2733,Categoria 71205,url_90578,2020-01-06 20:07:11,2020-01-06 20:07:11
2734,Categoria 56706,url_75894,2020-01-06 20:07:11,2020-01-06 20:07:11
2735,Categoria 79794,url_94049,2020-01-06 20:07:11,2020-01-06 20:07:11
2736,Categoria 63500,url_76197,2020-01-06 20:07:11,2020-01-06 20:07:11
2737,Categoria 89860,url_78830,2020-01-06 20:07:12,2020-01-06 20:07:12
2738,Categoria 85320,url_99118,2020-01-06 20:07:12,2020-01-06 20:07:12
2739,Categoria 80044,url_70967,2020-01-06 20:07:12,2020-01-06 20:07:12
2740,Categoria 88721,url_98914,2020-01-06 20:07:12,2020-01-06 20:07:12
2741,Categoria 56251,url_72773,2020-01-06 20:07:12,2020-01-06 20:07:12
2742,Categoria 91834,url_77313,2020-01-06 20:07:12,2020-01-06 20:07:12
2743,Categoria 62853,url_78715,2020-01-06 20:07:12,2020-01-06 20:07:12
2744,Categoria 79308,url_92124,2020-01-06 20:07:12,2020-01-06 20:07:12
2745,Categoria 62102,url_94581,2020-01-06 20:07:12,2020-01-06 20:07:12
2746,Categoria 71848,url_94945,2020-01-06 20:07:13,2020-01-06 20:07:13
2747,Categoria 82911,url_78572,2020-01-06 20:07:13,2020-01-06 20:07:13
2748,Categoria 88063,url_99509,2020-01-06 20:07:14,2020-01-06 20:07:14
2749,Categoria 56369,url_95340,2020-01-06 20:07:14,2020-01-06 20:07:14
2750,Categoria 82268,url_95739,2020-01-06 20:07:14,2020-01-06 20:07:14
2751,Categoria 73418,url_98023,2020-01-06 20:07:14,2020-01-06 20:07:14
2752,Categoria 69100,url_92738,2020-01-06 20:07:14,2020-01-06 20:07:14
2753,Categoria 62630,url_87824,2020-01-06 20:07:14,2020-01-06 20:07:14
2754,Categoria 95860,url_66804,2020-01-06 20:07:14,2020-01-06 20:07:14
2755,Categoria 99340,url_78036,2020-01-06 20:07:14,2020-01-06 20:07:14
2756,Categoria 80240,url_91612,2020-01-06 20:07:15,2020-01-06 20:07:15
2757,Categoria 62690,url_67539,2020-01-06 20:07:15,2020-01-06 20:07:15
2758,Categoria 71906,url_98612,2020-01-06 20:07:17,2020-01-06 20:07:17
2759,Categoria 99826,url_85217,2020-01-06 20:07:18,2020-01-06 20:07:18
2760,Categoria 89051,url_89628,2020-01-06 20:07:19,2020-01-06 20:07:19
2761,Categoria 63141,url_94654,2020-01-06 20:07:20,2020-01-06 20:07:20
2762,Categoria 86727,url_81402,2020-01-06 20:07:20,2020-01-06 20:07:20
2763,Categoria 93664,url_87216,2020-01-06 20:07:22,2020-01-06 20:07:22
2764,Categoria 92620,url_72568,2020-01-06 20:07:24,2020-01-06 20:07:24
2765,Categoria 70569,url_68522,2020-01-06 20:07:26,2020-01-06 20:07:26
2766,Categoria 64826,url_90621,2020-01-06 20:07:27,2020-01-06 20:07:27
2767,Categoria 59293,url_86254,2020-01-06 20:07:27,2020-01-06 20:07:27
2768,Categoria 76069,url_87493,2020-01-06 20:07:27,2020-01-06 20:07:27
2769,Categoria 89573,url_86021,2020-01-06 20:07:28,2020-01-06 20:07:28
2770,Categoria 68408,url_99526,2020-01-06 20:07:28,2020-01-06 20:07:28
2771,Categoria 94870,url_94052,2020-01-06 20:07:28,2020-01-06 20:07:28
2772,Categoria 96164,url_95272,2020-01-06 20:07:28,2020-01-06 20:07:28
2773,Categoria 68510,url_87951,2020-01-06 20:07:28,2020-01-06 20:07:28
2774,Categoria 87341,url_91272,2020-01-06 20:07:28,2020-01-06 20:07:28
2775,Categoria 81287,url_94699,2020-01-06 20:07:29,2020-01-06 20:07:29
2776,Categoria 76762,url_98432,2020-01-06 20:07:29,2020-01-06 20:07:29
2777,Categoria 69526,url_85207,2020-01-06 20:07:30,2020-01-06 20:07:30
2778,Categoria 75270,url_79131,2020-01-06 20:07:30,2020-01-06 20:07:30
2779,Categoria 87439,url_87240,2020-01-06 20:07:30,2020-01-06 20:07:30
2780,Categoria 61128,url_86909,2020-01-06 20:07:31,2020-01-06 20:07:31
2781,Categoria 70142,url_92007,2020-01-06 20:07:31,2020-01-06 20:07:31
2782,Categoria 77217,url_89256,2020-01-06 20:07:31,2020-01-06 20:07:31
2783,Categoria 98239,url_70110,2020-01-06 20:07:31,2020-01-06 20:07:31
2784,Categoria 79489,url_74496,2020-01-06 20:07:31,2020-01-06 20:07:31
2785,Categoria 57566,url_78553,2020-01-06 20:07:31,2020-01-06 20:07:31
2786,Categoria 55827,url_99703,2020-01-06 20:07:31,2020-01-06 20:07:31
2787,Categoria 64327,url_80650,2020-01-06 20:07:31,2020-01-06 20:07:31
2788,Categoria 65351,url_87992,2020-01-06 20:07:32,2020-01-06 20:07:32
2789,Categoria 95366,url_98029,2020-01-06 20:07:32,2020-01-06 20:07:32
2790,Categoria 96094,url_68712,2020-01-06 20:07:32,2020-01-06 20:07:32
2791,Categoria 67727,url_88116,2020-01-06 20:07:32,2020-01-06 20:07:32
2792,Categoria 92135,url_99938,2020-01-06 20:07:32,2020-01-06 20:07:32
2793,Categoria 99322,url_97030,2020-01-06 20:07:33,2020-01-06 20:07:33
2794,Categoria 60518,url_97177,2020-01-06 20:07:33,2020-01-06 20:07:33
2795,Categoria 97973,url_86186,2020-01-06 20:07:33,2020-01-06 20:07:33
2796,Categoria 61340,url_96496,2020-01-06 20:07:33,2020-01-06 20:07:33
2797,Categoria 85907,url_88453,2020-01-06 20:07:33,2020-01-06 20:07:33
2798,Categoria 89310,url_95990,2020-01-06 20:07:34,2020-01-06 20:07:34
2799,Categoria 56479,url_72202,2020-01-06 20:07:34,2020-01-06 20:07:34
2800,Categoria 80681,url_72402,2020-01-06 20:07:34,2020-01-06 20:07:34
2801,Categoria 79142,url_74439,2020-01-06 20:07:34,2020-01-06 20:07:34
2802,Categoria 66202,url_72677,2020-01-06 20:07:34,2020-01-06 20:07:34
2803,Categoria 71967,url_67151,2020-01-06 20:07:35,2020-01-06 20:07:35
2804,Categoria 92244,url_97644,2020-01-06 20:07:36,2020-01-06 20:07:36
2805,Categoria 70893,url_78456,2020-01-06 20:07:38,2020-01-06 20:07:38
2806,Categoria 83274,url_77149,2020-01-06 20:07:39,2020-01-06 20:07:39
2807,Categoria 83102,url_70605,2020-01-06 20:07:41,2020-01-06 20:07:41
2808,Categoria 97149,url_95395,2020-01-06 20:07:42,2020-01-06 20:07:42
2809,Categoria 68546,url_77625,2020-01-06 20:07:42,2020-01-06 20:07:42
2810,Categoria 59069,url_75768,2020-01-06 20:07:42,2020-01-06 20:07:42
2811,Categoria 72786,url_76501,2020-01-06 20:07:42,2020-01-06 20:07:42
2812,Categoria 71501,url_76675,2020-01-06 20:07:43,2020-01-06 20:07:43
2813,Categoria 97237,url_74160,2020-01-06 20:07:43,2020-01-06 20:07:43
2814,Categoria 80600,url_90684,2020-01-06 20:07:43,2020-01-06 20:07:43
2815,Categoria 77819,url_91295,2020-01-06 20:07:43,2020-01-06 20:07:43
2816,Categoria 71658,url_87398,2020-01-06 20:07:43,2020-01-06 20:07:43
2817,Categoria 81148,url_84500,2020-01-06 20:07:44,2020-01-06 20:07:44
2818,Categoria 76030,url_96568,2020-01-06 20:07:44,2020-01-06 20:07:44
2819,Categoria 82237,url_99911,2020-01-06 20:07:45,2020-01-06 20:07:45
2820,Categoria 72494,url_70724,2020-01-06 20:07:45,2020-01-06 20:07:45
2821,Categoria 64824,url_88446,2020-01-06 20:07:45,2020-01-06 20:07:45
2822,Categoria 75477,url_74351,2020-01-06 20:07:45,2020-01-06 20:07:45
2823,Categoria 62021,url_83109,2020-01-06 20:07:45,2020-01-06 20:07:45
2824,Categoria 75704,url_94884,2020-01-06 20:07:45,2020-01-06 20:07:45
2825,Categoria 70819,url_98731,2020-01-06 20:07:45,2020-01-06 20:07:45
2826,Categoria 71546,url_80139,2020-01-06 20:07:45,2020-01-06 20:07:45
2827,Categoria 64592,url_69724,2020-01-06 20:07:46,2020-01-06 20:07:46
2828,Categoria 97294,url_88695,2020-01-06 20:07:47,2020-01-06 20:07:47
2829,Categoria 82387,url_93743,2020-01-06 20:07:47,2020-01-06 20:07:47
2830,Categoria 95624,url_75776,2020-01-06 20:07:47,2020-01-06 20:07:47
2831,Categoria 78930,url_81883,2020-01-06 20:07:47,2020-01-06 20:07:47
2832,Categoria 72222,url_74107,2020-01-06 20:07:47,2020-01-06 20:07:47
2833,Categoria 62906,url_75960,2020-01-06 20:07:47,2020-01-06 20:07:47
2834,Categoria 80717,url_69367,2020-01-06 20:07:47,2020-01-06 20:07:47
2835,Categoria 64375,url_73855,2020-01-06 20:07:47,2020-01-06 20:07:47
2836,Categoria 83760,url_77166,2020-01-06 20:07:48,2020-01-06 20:07:48
2837,Categoria 68135,url_76777,2020-01-06 20:07:48,2020-01-06 20:07:48
2838,Categoria 92223,url_74001,2020-01-06 20:07:48,2020-01-06 20:07:48
2839,Categoria 92757,url_95872,2020-01-06 20:07:48,2020-01-06 20:07:48
2840,Categoria 64536,url_89946,2020-01-06 20:07:48,2020-01-06 20:07:48
2841,Categoria 65943,url_69138,2020-01-06 20:07:48,2020-01-06 20:07:48
2842,Categoria 73224,url_87431,2020-01-06 20:07:49,2020-01-06 20:07:49
2843,Categoria 71931,url_67389,2020-01-06 20:07:49,2020-01-06 20:07:49
2844,Categoria 92306,url_80038,2020-01-06 20:07:49,2020-01-06 20:07:49
2845,Categoria 81657,url_91621,2020-01-06 20:07:49,2020-01-06 20:07:49
2846,Categoria 76909,url_70962,2020-01-06 20:07:49,2020-01-06 20:07:49
2847,Categoria 79313,url_70264,2020-01-06 20:07:49,2020-01-06 20:07:49
2848,Categoria 62393,url_85229,2020-01-06 20:07:49,2020-01-06 20:07:49
2849,Categoria 85436,url_96040,2020-01-06 20:07:50,2020-01-06 20:07:50
2850,Categoria 78273,url_91335,2020-01-06 20:07:50,2020-01-06 20:07:50
2851,Categoria 74277,url_84154,2020-01-06 20:07:50,2020-01-06 20:07:50
2852,Categoria 66686,url_86878,2020-01-06 20:07:50,2020-01-06 20:07:50
2853,Categoria 86213,url_96438,2020-01-06 20:07:50,2020-01-06 20:07:50
2854,Categoria 95817,url_74151,2020-01-06 20:07:50,2020-01-06 20:07:50
2855,Categoria 90165,url_79353,2020-01-06 20:07:51,2020-01-06 20:07:51
2856,Categoria 61529,url_70080,2020-01-06 20:07:51,2020-01-06 20:07:51
2857,Categoria 88262,url_98889,2020-01-06 20:07:52,2020-01-06 20:07:52
2858,Categoria 84210,url_77360,2020-01-06 20:07:52,2020-01-06 20:07:52
2859,Categoria 84996,url_79460,2020-01-06 20:07:53,2020-01-06 20:07:53
2860,Categoria 64023,url_97112,2020-01-06 20:07:53,2020-01-06 20:07:53
2861,Categoria 91310,url_72771,2020-01-06 20:07:53,2020-01-06 20:07:53
2862,Categoria 59349,url_71068,2020-01-06 20:07:53,2020-01-06 20:07:53
2863,Categoria 78286,url_75597,2020-01-06 20:07:53,2020-01-06 20:07:53
2864,Categoria 69398,url_71614,2020-01-06 20:07:54,2020-01-06 20:07:54
2865,Categoria 84820,url_89411,2020-01-06 20:07:54,2020-01-06 20:07:54
2866,Categoria 78989,url_76343,2020-01-06 20:07:54,2020-01-06 20:07:54
2867,Categoria 61614,url_81605,2020-01-06 20:07:55,2020-01-06 20:07:55
2868,Categoria 83658,url_94626,2020-01-06 20:07:55,2020-01-06 20:07:55
2869,Categoria 72396,url_88925,2020-01-06 20:07:55,2020-01-06 20:07:55
2870,Categoria 85443,url_89305,2020-01-06 20:07:55,2020-01-06 20:07:55
2871,Categoria 62158,url_71242,2020-01-06 20:07:55,2020-01-06 20:07:55
2872,Categoria 68849,url_81531,2020-01-06 20:07:55,2020-01-06 20:07:55
2873,Categoria 88147,url_69404,2020-01-06 20:07:56,2020-01-06 20:07:56
2874,Categoria 88533,url_68029,2020-01-06 20:07:56,2020-01-06 20:07:56
2875,Categoria 58764,url_86413,2020-01-06 20:07:56,2020-01-06 20:07:56
2876,Categoria 62036,url_89150,2020-01-06 20:07:56,2020-01-06 20:07:56
2877,Categoria 90256,url_74553,2020-01-06 20:07:56,2020-01-06 20:07:56
2878,Categoria 90638,url_72869,2020-01-06 20:07:56,2020-01-06 20:07:56
2879,Categoria 63837,url_90942,2020-01-06 20:07:57,2020-01-06 20:07:57
2880,Categoria 91163,url_99413,2020-01-06 20:07:57,2020-01-06 20:07:57
2881,Categoria 58696,url_83462,2020-01-06 20:07:57,2020-01-06 20:07:57
2882,Categoria 99641,url_67937,2020-01-06 20:07:58,2020-01-06 20:07:58
2883,Categoria 71152,url_72085,2020-01-06 20:07:58,2020-01-06 20:07:58
2884,Categoria 92035,url_94920,2020-01-06 20:07:58,2020-01-06 20:07:58
2885,Categoria 67092,url_89599,2020-01-06 20:07:58,2020-01-06 20:07:58
2886,Categoria 68558,url_85504,2020-01-06 20:07:58,2020-01-06 20:07:58
2887,Categoria 96900,url_87192,2020-01-06 20:07:58,2020-01-06 20:07:58
2888,Categoria 82112,url_94864,2020-01-06 20:07:58,2020-01-06 20:07:58
2889,Categoria 98307,url_72466,2020-01-06 20:07:59,2020-01-06 20:07:59
2890,Categoria 55645,url_91110,2020-01-06 20:07:59,2020-01-06 20:07:59
2891,Categoria 92590,url_88734,2020-01-06 20:07:59,2020-01-06 20:07:59
2892,Categoria 84838,url_80028,2020-01-06 20:07:59,2020-01-06 20:07:59
2893,Categoria 86059,url_92657,2020-01-06 20:07:59,2020-01-06 20:07:59
2894,Categoria 55949,url_87358,2020-01-06 20:07:59,2020-01-06 20:07:59
2895,Categoria 90714,url_87923,2020-01-06 20:07:59,2020-01-06 20:07:59
2896,Categoria 68098,url_83519,2020-01-06 20:08:00,2020-01-06 20:08:00
2897,Categoria 94949,url_93042,2020-01-06 20:08:00,2020-01-06 20:08:00
2898,Categoria 98586,url_90128,2020-01-06 20:08:00,2020-01-06 20:08:00
2899,Categoria 98613,url_69776,2020-01-06 20:08:00,2020-01-06 20:08:00
2900,Categoria 61929,url_92452,2020-01-06 20:08:01,2020-01-06 20:08:01
2901,Categoria 77421,url_81875,2020-01-06 20:08:01,2020-01-06 20:08:01
2902,Categoria 57674,url_78731,2020-01-06 20:08:01,2020-01-06 20:08:01
2903,Categoria 75974,url_79405,2020-01-06 20:08:01,2020-01-06 20:08:01
2904,Categoria 68618,url_92355,2020-01-06 20:08:01,2020-01-06 20:08:01
2905,Categoria 64398,url_91988,2020-01-06 20:08:02,2020-01-06 20:08:02
2906,Categoria 76224,url_80841,2020-01-06 20:08:03,2020-01-06 20:08:03
2907,Categoria 98448,url_85870,2020-01-06 20:08:05,2020-01-06 20:08:05
2908,Categoria 56533,url_83996,2020-01-06 20:08:06,2020-01-06 20:08:06
2909,Categoria 73835,url_79638,2020-01-06 20:08:06,2020-01-06 20:08:06
2910,Categoria 80252,url_96039,2020-01-06 20:08:08,2020-01-06 20:08:08
2911,Categoria 96997,url_74225,2020-01-06 20:08:09,2020-01-06 20:08:09
2912,Categoria 64639,url_90385,2020-01-06 20:08:10,2020-01-06 20:08:10
2913,Categoria 60071,url_94387,2020-01-06 20:08:11,2020-01-06 20:08:11
2914,Categoria 90233,url_80828,2020-01-06 20:08:12,2020-01-06 20:08:12
2915,Categoria 83250,url_72422,2020-01-06 20:08:13,2020-01-06 20:08:13
2916,Categoria 95268,url_86040,2020-01-06 20:08:13,2020-01-06 20:08:13
2917,Categoria 92344,url_72960,2020-01-06 20:08:13,2020-01-06 20:08:13
2918,Categoria 94907,url_89066,2020-01-06 20:08:13,2020-01-06 20:08:13
2919,Categoria 63214,url_97776,2020-01-06 20:08:13,2020-01-06 20:08:13
2920,Categoria 93669,url_91367,2020-01-06 20:08:14,2020-01-06 20:08:14
2921,Categoria 87052,url_70063,2020-01-06 20:08:14,2020-01-06 20:08:14
2922,Categoria 61954,url_75410,2020-01-06 20:08:14,2020-01-06 20:08:14
2923,Categoria 72654,url_98189,2020-01-06 20:08:14,2020-01-06 20:08:14
2924,Categoria 87644,url_69068,2020-01-06 20:08:14,2020-01-06 20:08:14
2925,Categoria 89470,url_98713,2020-01-06 20:08:15,2020-01-06 20:08:15
2926,Categoria 78785,url_99135,2020-01-06 20:08:15,2020-01-06 20:08:15
2927,Categoria 85368,url_72522,2020-01-06 20:08:15,2020-01-06 20:08:15
2928,Categoria 67022,url_91652,2020-01-06 20:08:16,2020-01-06 20:08:16
2929,Categoria 77092,url_73010,2020-01-06 20:08:16,2020-01-06 20:08:16
2930,Categoria 72503,url_69764,2020-01-06 20:08:16,2020-01-06 20:08:16
2931,Categoria 70968,url_67948,2020-01-06 20:08:16,2020-01-06 20:08:16
2932,Categoria 99651,url_87165,2020-01-06 20:08:16,2020-01-06 20:08:16
2933,Categoria 65258,url_88405,2020-01-06 20:08:16,2020-01-06 20:08:16
2934,Categoria 77185,url_79281,2020-01-06 20:08:16,2020-01-06 20:08:16
2935,Categoria 93334,url_93839,2020-01-06 20:08:17,2020-01-06 20:08:17
2936,Categoria 72704,url_82119,2020-01-06 20:08:17,2020-01-06 20:08:17
2937,Categoria 80391,url_78128,2020-01-06 20:08:17,2020-01-06 20:08:17
2938,Categoria 93976,url_80713,2020-01-06 20:08:18,2020-01-06 20:08:18
2939,Categoria 90038,url_80004,2020-01-06 20:08:18,2020-01-06 20:08:18
2940,Categoria 93117,url_70163,2020-01-06 20:08:18,2020-01-06 20:08:18
2941,Categoria 79365,url_76715,2020-01-06 20:08:18,2020-01-06 20:08:18
2942,Categoria 96993,url_95359,2020-01-06 20:08:18,2020-01-06 20:08:18
2943,Categoria 96366,url_96477,2020-01-06 20:08:18,2020-01-06 20:08:18
2944,Categoria 69693,url_89871,2020-01-06 20:08:18,2020-01-06 20:08:18
2945,Categoria 63426,url_71514,2020-01-06 20:08:19,2020-01-06 20:08:19
2946,Categoria 66213,url_93676,2020-01-06 20:08:19,2020-01-06 20:08:19
2947,Categoria 76801,url_95207,2020-01-06 20:08:20,2020-01-06 20:08:20
2948,Categoria 91600,url_94005,2020-01-06 20:08:20,2020-01-06 20:08:20
2949,Categoria 93446,url_91591,2020-01-06 20:08:20,2020-01-06 20:08:20
2950,Categoria 74916,url_89326,2020-01-06 20:08:20,2020-01-06 20:08:20
2951,Categoria 73231,url_72037,2020-01-06 20:08:20,2020-01-06 20:08:20
2952,Categoria 67110,url_92970,2020-01-06 20:08:20,2020-01-06 20:08:20
2953,Categoria 95441,url_70311,2020-01-06 20:08:20,2020-01-06 20:08:20
2954,Categoria 56667,url_81633,2020-01-06 20:08:20,2020-01-06 20:08:20
2955,Categoria 57835,url_71180,2020-01-06 20:08:21,2020-01-06 20:08:21
2956,Categoria 84120,url_80340,2020-01-06 20:08:21,2020-01-06 20:08:21
2957,Categoria 83264,url_70907,2020-01-06 20:08:21,2020-01-06 20:08:21
2958,Categoria 81876,url_72907,2020-01-06 20:08:22,2020-01-06 20:08:22
2959,Categoria 67772,url_83170,2020-01-06 20:08:22,2020-01-06 20:08:22
2960,Categoria 95953,url_92180,2020-01-06 20:08:22,2020-01-06 20:08:22
2961,Categoria 87991,url_95190,2020-01-06 20:08:23,2020-01-06 20:08:23
2962,Categoria 60290,url_95501,2020-01-06 20:08:23,2020-01-06 20:08:23
2963,Categoria 56835,url_91968,2020-01-06 20:08:24,2020-01-06 20:08:24
2964,Categoria 80168,url_98598,2020-01-06 20:08:25,2020-01-06 20:08:25
2965,Categoria 69315,url_96003,2020-01-06 20:08:26,2020-01-06 20:08:26
2966,Categoria 77070,url_70824,2020-01-06 20:08:27,2020-01-06 20:08:27
2967,Categoria 74527,url_92246,2020-01-06 20:08:29,2020-01-06 20:08:29
2968,Categoria 65005,url_88379,2020-01-06 20:08:29,2020-01-06 20:08:29
2969,Categoria 67777,url_87473,2020-01-06 20:08:29,2020-01-06 20:08:29
2970,Categoria 62053,url_73846,2020-01-06 20:08:29,2020-01-06 20:08:29
2971,Categoria 82354,url_76020,2020-01-06 20:08:30,2020-01-06 20:08:30
2972,Categoria 71111,url_72262,2020-01-06 20:08:30,2020-01-06 20:08:30
2973,Categoria 98568,url_86261,2020-01-06 20:08:30,2020-01-06 20:08:30
2974,Categoria 72744,url_98888,2020-01-06 20:08:30,2020-01-06 20:08:30
2975,Categoria 71185,url_94113,2020-01-06 20:08:30,2020-01-06 20:08:30
2976,Categoria 66207,url_77531,2020-01-06 20:08:30,2020-01-06 20:08:30
2977,Categoria 81166,url_94246,2020-01-06 20:08:30,2020-01-06 20:08:30
2978,Categoria 59645,url_94140,2020-01-06 20:08:30,2020-01-06 20:08:30
2979,Categoria 84110,url_75527,2020-01-06 20:08:31,2020-01-06 20:08:31
2980,Categoria 74312,url_79831,2020-01-06 20:08:32,2020-01-06 20:08:32
2981,Categoria 59416,url_75341,2020-01-06 20:08:32,2020-01-06 20:08:32
2982,Categoria 70446,url_96118,2020-01-06 20:08:32,2020-01-06 20:08:32
2983,Categoria 67031,url_97839,2020-01-06 20:08:32,2020-01-06 20:08:32
2984,Categoria 59185,url_72576,2020-01-06 20:08:32,2020-01-06 20:08:32
2985,Categoria 93013,url_68732,2020-01-06 20:08:32,2020-01-06 20:08:32
2986,Categoria 88198,url_87825,2020-01-06 20:08:33,2020-01-06 20:08:33
2987,Categoria 59008,url_99864,2020-01-06 20:08:33,2020-01-06 20:08:33
2988,Categoria 95975,url_81218,2020-01-06 20:08:33,2020-01-06 20:08:33
2989,Categoria 62024,url_78283,2020-01-06 20:08:34,2020-01-06 20:08:34
2990,Categoria 87131,url_82699,2020-01-06 20:08:34,2020-01-06 20:08:34
2991,Categoria 93178,url_83652,2020-01-06 20:08:34,2020-01-06 20:08:34
2992,Categoria 73359,url_99712,2020-01-06 20:08:35,2020-01-06 20:08:35
2993,Categoria 79907,url_92331,2020-01-06 20:08:35,2020-01-06 20:08:35
2994,Categoria 65654,url_67987,2020-01-06 20:08:35,2020-01-06 20:08:35
2995,Categoria 76358,url_81805,2020-01-06 20:08:35,2020-01-06 20:08:35
2996,Categoria 88842,url_70888,2020-01-06 20:08:35,2020-01-06 20:08:35
2997,Categoria 92491,url_89143,2020-01-06 20:08:35,2020-01-06 20:08:35
2998,Categoria 71875,url_81739,2020-01-06 20:08:35,2020-01-06 20:08:35
2999,Categoria 71704,url_96293,2020-01-06 20:08:35,2020-01-06 20:08:35
3000,Categoria 97656,url_87449,2020-01-06 20:08:35,2020-01-06 20:08:35
