11111111,Rosa Mar√≠a,rosita@tmp.com,123456,,,
6369788,Paula Wolf,cronin.osborne@example.com,123456,2019-12-23 09:08:52,2019-12-23 09:08:52,2019-12-23 09:08:52
4384505,Esther Stehr,padberg.alvis@example.org,123456,2019-12-23 09:08:52,2019-12-23 09:08:53,2019-12-23 09:08:53
7197078,Rhoda Borer,omckenzie@example.org,123456,2019-12-23 09:08:52,2019-12-23 09:08:54,2019-12-23 09:08:54
6891446,Dr. Hermann Daugherty,carolanne.mraz@example.com,123456,2019-12-23 09:08:52,2019-12-23 09:08:55,2019-12-23 09:08:55
6635241,Dr. Curtis Prohaska,cgibson@example.org,123456,2019-12-23 09:08:52,2019-12-23 09:08:55,2019-12-23 09:08:55
4991248,Asha Hermann DVM,torp.callie@example.org,123456,2019-12-23 09:08:52,2019-12-23 09:08:55,2019-12-23 09:08:55
3536653,Doris Larkin,dessie93@example.com,123456,2019-12-23 09:08:52,2019-12-23 09:08:56,2019-12-23 09:08:56
4519533,Jany Raynor,hjohns@example.net,123456,2019-12-23 09:08:52,2019-12-23 09:08:56,2019-12-23 09:08:56
7613101,Gregorio Stanton,isai72@example.net,123456,2019-12-23 09:08:52,2019-12-23 09:08:56,2019-12-23 09:08:56
7139921,Mandy Bosco,fhackett@example.net,123456,2019-12-23 09:08:52,2019-12-23 09:08:56,2019-12-23 09:08:56
55555,Doris Morales,dmorales@tmp.com,123456,,,
